x,y,z,distance_from_last
771,662,664,0
770,663,664,1.41421
769,663,664,1
768,663,664,1
767,663,664,1
766,663,664,1
765,663,664,1
764,663,664,1
763,663,664,1
762,663,664,1
761,663,664,1
760,664,664,1.41421
759,664,664,1
758,664,664,1
757,665,664,1.41421
756,665,664,1
755,665,664,1
754,665,664,1
753,665,664,1
752,665,664,1
751,666,664,1.41421
750,666,664,1
749,666,664,1
748,666,664,1
747,667,664,1.41421
746,667,664,1
745,667,664,1
744,668,664,1.41421
743,668,664,1
742,668,664,1
741,669,664,1.41421
740,669,664,1
739,669,664,1
738,669,664,1
737,670,664,1.41421
736,670,664,1
735,670,664,1
734,671,664,1.41421
733,671,664,1
732,671,664,1
731,672,664,1.41421
730,672,664,1
729,672,664,1
728,673,664,1.41421
727,673,664,1
726,673,664,1
725,674,664,1.41421
724,674,664,1
723,674,664,1
722,675,664,1.41421
721,675,664,1
720,675,664,1
719,676,664,1.41421
718,677,664,1.41421
717,677,664,1
716,677,664,1
715,678,664,1.41421
714,678,664,1
713,678,664,1
712,679,664,1.41421
711,680,664,1.41421
710,680,664,1
709,681,664,1.41421
708,681,664,1
707,681,664,1
706,682,664,1.41421
705,683,664,1.41421
704,683,664,1
703,684,664,1.41421
702,685,664,1.41421
701,686,664,1.41421
700,686,664,1
699,687,664,1.41421
698,687,664,1
697,688,664,1.41421
696,689,664,1.41421
695,690,664,1.41421
694,691,664,1.41421
693,692,664,1.41421
692,693,664,1.41421
691,694,664,1.41421
690,695,664,1.41421
689,696,664,1.41421
689,697,664,1
689,698,664,1
688,699,664,1.41421
687,700,664,1.41421
687,701,664,1
687,702,664,1
686,703,664,1.41421
686,704,664,1
686,705,664,1
686,706,664,1
686,707,664,1
685,708,664,1.41421
685,709,664,1
685,710,664,1
686,711,664,1.41421
685,710,664,1.41421
685,709,664,1
685,708,664,1
686,707,664,1.41421
686,706,664,1
686,705,664,1
686,704,664,1
686,703,664,1
687,702,664,1.41421
687,701,664,1
687,700,664,1
688,699,664,1.41421
689,699,664,1
689,698,664,1
689,697,664,1
690,696,664,1.41421
691,695,664,1.41421
692,694,664,1.41421
693,693,664,1.41421
694,692,664,1.41421
695,691,664,1.41421
696,690,664,1.41421
697,689,664,1.41421
698,688,664,1.41421
699,687,664,1.41421
700,687,664,1
701,686,664,1.41421
702,686,664,1
703,685,664,1.41421
704,684,664,1.41421
705,683,664,1.41421
706,683,664,1
707,682,664,1.41421
708,681,664,1.41421
709,681,664,1
710,681,664,1
711,680,664,1.41421
712,679,664,1.41421
713,679,664,1
714,678,664,1.41421
715,678,664,1
716,678,664,1
717,677,664,1.41421
718,677,664,1
719,676,664,1.41421
720,676,664,1
721,675,664,1.41421
722,675,664,1
723,674,664,1.41421
724,674,664,1
725,674,664,1
726,673,664,1.41421
727,673,664,1
728,673,664,1
729,672,664,1.41421
730,672,664,1
731,672,664,1
732,671,664,1.41421
733,671,664,1
734,671,664,1
735,671,664,1
736,670,664,1.41421
737,670,664,1
738,669,664,1.41421
739,669,664,1
740,669,664,1
741,669,664,1
742,668,664,1.41421
743,668,664,1
744,668,664,1
745,667,664,1.41421
746,667,664,1
747,667,664,1
748,666,664,1.41421
749,666,664,1
750,666,664,1
751,666,664,1
752,665,664,1.41421
753,665,664,1
754,665,664,1
755,665,664,1
756,665,664,1
757,665,664,1
758,664,664,1.41421
759,664,664,1
760,664,664,1
761,663,664,1.41421
762,663,664,1
763,663,664,1
764,663,664,1
765,663,664,1
766,663,664,1
767,663,664,1
768,663,664,1
769,663,664,1
770,663,664,1
771,662,664,1.41421
772,662,664,1
773,662,664,1
774,662,664,1
775,662,664,1
776,662,664,1
777,662,664,1
778,662,664,1
779,662,664,1
780,662,664,1
781,662,664,1
782,662,664,1
783,662,664,1
784,662,664,1
785,662,664,1
786,662,664,1
787,662,664,1
788,662,664,1
789,662,664,1
790,662,664,1
791,663,664,1.41421
792,663,664,1
793,663,664,1
794,663,664,1
795,663,664,1
796,663,664,1
797,663,664,1
798,663,664,1
799,663,664,1
800,663,664,1
801,664,664,1.41421
802,665,664,1.41421
803,665,664,1
804,665,664,1
805,666,664,1.41421
806,666,664,1
807,667,664,1.41421
808,668,664,1.41421
809,668,664,1
810,668,664,1
811,669,664,1.41421
812,670,664,1.41421
813,671,664,1.41421
813,672,664,1
813,673,664,1
814,674,664,1.41421
814,675,664,1
814,676,664,1
814,677,664,1
814,678,664,1
815,679,664,1.41421
815,680,664,1
815,681,664,1
815,682,664,1
816,683,664,1.41421
816,684,664,1
816,685,664,1
816,686,664,1
816,687,664,1
816,688,664,1
817,689,664,1.41421
817,690,664,1
817,691,664,1
817,692,664,1
818,693,664,1.41421
818,694,664,1
818,695,664,1
819,696,664,1.41421
819,697,664,1
819,698,664,1
820,699,664,1.41421
820,700,664,1
820,701,664,1
820,702,664,1
821,703,664,1.41421
821,704,664,1
821,705,664,1
822,706,664,1.41421
822,707,664,1
822,708,664,1
822,709,664,1
822,710,664,1
823,711,664,1.41421
823,712,664,1
823,713,664,1
823,714,664,1
823,715,664,1
824,716,664,1.41421
824,717,664,1
824,718,664,1
824,719,664,1
824,718,664,1
824,717,664,1
824,716,664,1
823,715,664,1.41421
823,714,664,1
823,713,664,1
823,712,664,1
823,711,664,1
822,710,664,1.41421
822,709,664,1
822,708,664,1
822,707,664,1
822,706,664,1
821,705,664,1.41421
821,704,664,1
821,703,664,1
820,702,664,1.41421
820,701,664,1
820,700,664,1
820,699,664,1
819,698,664,1.41421
819,697,664,1
819,696,664,1
818,695,664,1.41421
818,694,664,1
818,693,664,1
817,692,664,1.41421
817,691,664,1
817,690,664,1
817,689,664,1
816,688,664,1.41421
816,687,664,1
816,686,664,1
816,685,664,1
816,684,664,1
816,683,664,1
815,682,664,1.41421
815,681,664,1
815,680,664,1
815,679,664,1
814,678,664,1.41421
814,677,664,1
814,676,664,1
814,675,664,1
814,674,664,1
813,673,664,1.41421
813,672,664,1
813,671,664,1
813,670,664,1
812,669,664,1.41421
811,668,664,1.41421
810,668,664,1
809,668,664,1
808,667,664,1.41421
807,666,664,1.41421
806,666,664,1
805,666,664,1
804,665,664,1.41421
803,665,664,1
802,665,664,1
801,664,664,1.41421
800,663,664,1.41421
799,663,664,1
798,663,664,1
797,663,664,1
796,663,664,1
795,663,664,1
794,663,664,1
793,663,664,1
792,663,664,1
791,663,664,1
790,662,664,1.41421
789,662,664,1
788,662,664,1
787,662,664,1
786,662,664,1
785,662,664,1
784,662,664,1
783,662,664,1
782,662,664,1
781,662,664,1
780,662,664,1
779,662,664,1
778,662,664,1
777,662,664,1
776,662,664,1
775,662,664,1
774,662,664,1
773,662,664,1
772,662,664,1
772,662,764,0 # Raise pen
583,454,764,281.043 # Move to next contour
583,454,664,0 # Lower pen
583,454,664,281.043
583,455,664,1
584,456,664,1.41421
585,457,664,1.41421
586,458,664,1.41421
587,458,664,1
588,459,664,1.41421
589,460,664,1.41421
590,460,664,1
591,461,664,1.41421
592,461,664,1
593,462,664,1.41421
594,462,664,1
595,463,664,1.41421
596,462,664,1.41421
597,462,664,1
598,462,664,1
599,462,664,1
600,461,664,1.41421
601,461,664,1
602,461,664,1
603,461,664,1
604,461,664,1
605,461,664,1
606,461,664,1
607,461,664,1
608,461,664,1
609,462,664,1.41421
610,462,664,1
611,462,664,1
612,463,664,1.41421
612,464,664,1
612,465,664,1
612,466,664,1
612,467,664,1
612,466,664,1
613,465,664,1.41421
612,464,664,1.41421
612,463,664,1
613,462,664,1.41421
614,462,664,1
615,461,664,1.41421
616,461,664,1
617,461,664,1
618,461,664,1
619,462,664,1.41421
620,462,664,1
621,462,664,1
622,463,664,1.41421
623,463,664,1
624,463,664,1
625,463,664,1
626,463,664,1
627,464,664,1.41421
628,464,664,1
629,464,664,1
630,465,664,1.41421
631,465,664,1
632,466,664,1.41421
633,466,664,1
634,466,664,1
635,467,664,1.41421
636,468,664,1.41421
637,468,664,1
638,469,664,1.41421
639,470,664,1.41421
640,470,664,1
641,471,664,1.41421
642,472,664,1.41421
643,472,664,1
644,473,664,1.41421
645,473,664,1
646,473,664,1
647,474,664,1.41421
648,474,664,1
649,474,664,1
650,474,664,1
651,474,664,1
652,475,664,1.41421
653,475,664,1
654,475,664,1
655,475,664,1
656,475,664,1
657,475,664,1
658,475,664,1
659,475,664,1
660,475,664,1
661,475,664,1
662,475,664,1
663,475,664,1
664,475,664,1
665,475,664,1
666,475,664,1
667,476,664,1.41421
668,476,664,1
669,477,664,1.41421
670,478,664,1.41421
671,478,664,1
672,479,664,1.41421
673,479,664,1
674,480,664,1.41421
675,480,664,1
676,481,664,1.41421
677,481,664,1
678,481,664,1
679,482,664,1.41421
680,482,664,1
681,482,664,1
682,483,664,1.41421
683,483,664,1
684,484,664,1.41421
685,484,664,1
686,484,664,1
687,485,664,1.41421
688,485,664,1
689,485,664,1
690,486,664,1.41421
691,486,664,1
692,486,664,1
693,486,664,1
694,486,664,1
695,487,664,1.41421
696,487,664,1
697,487,664,1
698,487,664,1
699,487,664,1
700,487,664,1
701,487,664,1
702,487,664,1
703,487,664,1
704,487,664,1
705,487,664,1
706,488,664,1.41421
707,488,664,1
708,488,664,1
709,488,664,1
710,489,664,1.41421
711,489,664,1
712,490,664,1.41421
713,490,664,1
714,490,664,1
715,491,664,1.41421
716,491,664,1
717,492,664,1.41421
718,493,664,1.41421
719,493,664,1
720,493,664,1
721,493,664,1
722,494,664,1.41421
723,494,664,1
724,495,664,1.41421
725,495,664,1
726,496,664,1.41421
727,497,664,1.41421
728,498,664,1.41421
728,499,664,1
729,500,664,1.41421
730,501,664,1.41421
731,502,664,1.41421
732,503,664,1.41421
732,504,664,1
733,505,664,1.41421
734,506,664,1.41421
735,507,664,1.41421
736,508,664,1.41421
737,509,664,1.41421
738,510,664,1.41421
739,511,664,1.41421
740,512,664,1.41421
741,513,664,1.41421
741,514,664,1
742,514,664,1
743,515,664,1.41421
744,516,664,1.41421
745,517,664,1.41421
746,518,664,1.41421
747,519,664,1.41421
747,520,664,1
748,521,664,1.41421
749,522,664,1.41421
750,523,664,1.41421
751,524,664,1.41421
752,525,664,1.41421
752,526,664,1
753,527,664,1.41421
754,528,664,1.41421
755,529,664,1.41421
756,530,664,1.41421
756,531,664,1
757,532,664,1.41421
758,533,664,1.41421
758,534,664,1
759,535,664,1.41421
760,536,664,1.41421
760,537,664,1
761,538,664,1.41421
762,539,664,1.41421
762,540,664,1
763,541,664,1.41421
764,542,664,1.41421
765,543,664,1.41421
765,544,664,1
766,545,664,1.41421
766,546,664,1
767,547,664,1.41421
768,548,664,1.41421
768,549,664,1
769,550,664,1.41421
769,551,664,1
770,552,664,1.41421
770,553,664,1
771,554,664,1.41421
771,555,664,1
772,556,664,1.41421
772,557,664,1
773,558,664,1.41421
774,559,664,1.41421
774,560,664,1
775,561,664,1.41421
775,562,664,1
775,563,664,1
776,564,664,1.41421
777,565,664,1.41421
777,566,664,1
777,567,664,1
778,568,664,1.41421
778,569,664,1
778,570,664,1
779,571,664,1.41421
779,572,664,1
780,573,664,1.41421
780,574,664,1
781,575,664,1.41421
781,576,664,1
782,577,664,1.41421
782,578,664,1
782,579,664,1
783,580,664,1.41421
783,581,664,1
783,582,664,1
783,583,664,1
784,584,664,1.41421
784,585,664,1
784,586,664,1
785,587,664,1.41421
785,588,664,1
785,589,664,1
785,590,664,1
786,591,664,1.41421
786,592,664,1
786,593,664,1
786,594,664,1
786,595,664,1
786,596,664,1
787,597,664,1.41421
787,598,664,1
787,599,664,1
787,600,664,1
788,601,664,1.41421
788,602,664,1
789,603,664,1.41421
789,604,664,1
789,605,664,1
790,606,664,1.41421
790,607,664,1
791,608,664,1.41421
792,609,664,1.41421
792,610,664,1
793,611,664,1.41421
794,612,664,1.41421
794,613,664,1
795,614,664,1.41421
795,615,664,1
796,616,664,1.41421
796,617,664,1
797,618,664,1.41421
797,619,664,1
798,620,664,1.41421
798,621,664,1
799,622,664,1.41421
799,623,664,1
799,624,664,1
799,625,664,1
799,626,664,1
800,627,664,1.41421
800,628,664,1
800,629,664,1
801,630,664,1.41421
801,631,664,1
801,632,664,1
801,633,664,1
802,634,664,1.41421
802,635,664,1
802,636,664,1
803,637,664,1.41421
804,638,664,1.41421
804,639,664,1
805,640,664,1.41421
805,641,664,1
805,642,664,1
806,643,664,1.41421
806,644,664,1
806,645,664,1
806,646,664,1
807,647,664,1.41421
807,648,664,1
807,649,664,1
807,650,664,1
807,651,664,1
807,652,664,1
808,653,664,1.41421
808,654,664,1
808,655,664,1
808,656,664,1
808,657,664,1
809,658,664,1.41421
809,659,664,1
810,660,664,1.41421
810,661,664,1
811,662,664,1.41421
811,663,664,1
811,664,664,1
812,664,664,1
811,663,664,1.41421
811,662,664,1
811,661,664,1
810,660,664,1.41421
809,659,664,1.41421
809,658,664,1
808,657,664,1.41421
808,656,664,1
808,655,664,1
808,654,664,1
808,653,664,1
807,652,664,1.41421
807,651,664,1
807,650,664,1
807,649,664,1
807,648,664,1
807,647,664,1
807,646,664,1
806,645,664,1.41421
806,644,664,1
806,643,664,1
805,642,664,1.41421
805,641,664,1
805,640,664,1
804,639,664,1.41421
804,638,664,1
804,637,664,1
803,637,664,1
802,636,664,1.41421
802,635,664,1
802,634,664,1
801,633,664,1.41421
801,632,664,1
801,631,664,1
801,630,664,1
800,629,664,1.41421
800,628,664,1
800,627,664,1
799,626,664,1.41421
799,625,664,1
799,624,664,1
799,623,664,1
799,622,664,1
798,621,664,1.41421
798,620,664,1
797,619,664,1.41421
797,618,664,1
797,617,664,1
796,616,664,1.41421
796,615,664,1
795,614,664,1.41421
795,613,664,1
794,612,664,1.41421
794,611,664,1
793,610,664,1.41421
792,609,664,1.41421
792,608,664,1
791,607,664,1.41421
790,606,664,1.41421
789,605,664,1.41421
789,604,664,1
789,603,664,1
788,602,664,1.41421
788,601,664,1
788,600,664,1
787,599,664,1.41421
787,598,664,1
787,597,664,1
786,596,664,1.41421
786,595,664,1
786,594,664,1
786,593,664,1
786,592,664,1
786,591,664,1
785,590,664,1.41421
785,589,664,1
785,588,664,1
785,587,664,1
784,586,664,1.41421
784,585,664,1
784,584,664,1
783,583,664,1.41421
783,582,664,1
783,581,664,1
783,580,664,1
782,579,664,1.41421
782,578,664,1
782,577,664,1
781,576,664,1.41421
781,575,664,1
781,574,664,1
780,573,664,1.41421
780,572,664,1
779,571,664,1.41421
779,570,664,1
778,569,664,1.41421
778,568,664,1
777,567,664,1.41421
777,566,664,1
777,565,664,1
776,564,664,1.41421
776,563,664,1
775,562,664,1.41421
775,561,664,1
775,560,664,1
774,559,664,1.41421
773,558,664,1.41421
773,557,664,1
772,556,664,1.41421
772,555,664,1
771,554,664,1.41421
771,553,664,1
770,552,664,1.41421
770,551,664,1
769,550,664,1.41421
769,549,664,1
768,548,664,1.41421
768,547,664,1
767,546,664,1.41421
766,545,664,1.41421
766,544,664,1
765,543,664,1.41421
765,542,664,1
764,541,664,1.41421
763,540,664,1.41421
762,539,664,1.41421
762,538,664,1
761,537,664,1.41421
760,536,664,1.41421
760,535,664,1
759,534,664,1.41421
758,533,664,1.41421
758,532,664,1
757,531,664,1.41421
756,530,664,1.41421
756,529,664,1
755,528,664,1.41421
754,527,664,1.41421
753,526,664,1.41421
752,525,664,1.41421
752,524,664,1
751,523,664,1.41421
750,522,664,1.41421
749,521,664,1.41421
748,520,664,1.41421
747,519,664,1.41421
747,518,664,1
746,517,664,1.41421
745,516,664,1.41421
744,515,664,1.41421
743,514,664,1.41421
742,514,664,1
741,513,664,1.41421
741,512,664,1
740,511,664,1.41421
739,510,664,1.41421
738,509,664,1.41421
737,508,664,1.41421
736,507,664,1.41421
735,506,664,1.41421
734,505,664,1.41421
733,504,664,1.41421
732,503,664,1.41421
732,502,664,1
731,501,664,1.41421
730,500,664,1.41421
729,499,664,1.41421
728,498,664,1.41421
727,497,664,1.41421
727,496,664,1
726,496,664,1
725,495,664,1.41421
724,494,664,1.41421
723,494,664,1
722,494,664,1
721,493,664,1.41421
720,493,664,1
719,493,664,1
718,492,664,1.41421
717,491,664,1.41421
716,491,664,1
715,490,664,1.41421
714,490,664,1
713,490,664,1
712,490,664,1
711,489,664,1.41421
710,489,664,1
709,488,664,1.41421
708,488,664,1
707,488,664,1
706,488,664,1
705,487,664,1.41421
704,487,664,1
703,487,664,1
702,487,664,1
701,487,664,1
700,487,664,1
699,487,664,1
698,487,664,1
697,487,664,1
696,487,664,1
695,487,664,1
694,486,664,1.41421
693,486,664,1
692,486,664,1
691,486,664,1
690,486,664,1
689,485,664,1.41421
688,485,664,1
687,485,664,1
686,484,664,1.41421
685,484,664,1
684,484,664,1
683,483,664,1.41421
682,483,664,1
681,482,664,1.41421
680,482,664,1
679,482,664,1
678,481,664,1.41421
677,481,664,1
676,480,664,1.41421
675,480,664,1
674,479,664,1.41421
673,479,664,1
672,478,664,1.41421
671,478,664,1
670,477,664,1.41421
669,477,664,1
668,476,664,1.41421
667,476,664,1
666,475,664,1.41421
665,475,664,1
664,475,664,1
663,475,664,1
662,475,664,1
661,475,664,1
660,475,664,1
659,475,664,1
658,475,664,1
657,475,664,1
656,475,664,1
655,475,664,1
654,475,664,1
653,475,664,1
652,475,664,1
651,474,664,1.41421
650,474,664,1
649,474,664,1
648,474,664,1
647,474,664,1
646,473,664,1.41421
645,473,664,1
644,472,664,1.41421
643,472,664,1
642,471,664,1.41421
641,470,664,1.41421
640,470,664,1
639,469,664,1.41421
638,468,664,1.41421
637,468,664,1
636,467,664,1.41421
635,466,664,1.41421
634,466,664,1
633,466,664,1
632,466,664,1
631,465,664,1.41421
630,465,664,1
629,464,664,1.41421
628,464,664,1
627,464,664,1
626,463,664,1.41421
625,463,664,1
624,463,664,1
623,463,664,1
622,463,664,1
621,462,664,1.41421
620,462,664,1
619,462,664,1
618,461,664,1.41421
617,461,664,1
616,461,664,1
615,461,664,1
614,462,664,1.41421
613,462,664,1
612,462,664,1
611,462,664,1
610,462,664,1
609,462,664,1
608,461,664,1.41421
607,461,664,1
606,461,664,1
605,461,664,1
604,461,664,1
603,461,664,1
602,461,664,1
601,461,664,1
600,461,664,1
599,462,664,1.41421
598,462,664,1
597,462,664,1
596,462,664,1
595,463,664,1.41421
594,462,664,1.41421
593,462,664,1
592,461,664,1.41421
591,461,664,1
590,460,664,1.41421
589,459,664,1.41421
588,458,664,1.41421
587,458,664,1
586,457,664,1.41421
585,456,664,1.41421
584,455,664,1.41421
584,455,764,0 # Raise pen
572,403,764,53.3667 # Move to next contour
572,403,664,0 # Lower pen
572,403,664,53.3667
573,402,664,1.41421
574,403,664,1.41421
574,404,664,1
574,405,664,1
574,406,664,1
573,407,664,1.41421
572,406,664,1.41421
572,405,664,1
572,404,664,1
571,407,664,3.16228
572,406,664,1.41421
573,407,664,1.41421
573,408,664,1
573,409,664,1
573,410,664,1
573,411,664,1
572,412,664,1.41421
572,413,664,1
572,414,664,1
572,415,664,1
572,416,664,1
571,417,664,1.41421
571,418,664,1
571,419,664,1
571,420,664,1
571,421,664,1
571,422,664,1
570,423,664,1.41421
570,424,664,1
570,425,664,1
570,426,664,1
570,427,664,1
569,428,664,1.41421
569,429,664,1
569,430,664,1
569,431,664,1
568,432,664,1.41421
568,433,664,1
567,434,664,1.41421
567,435,664,1
566,436,664,1.41421
566,437,664,1
565,438,664,1.41421
565,439,664,1
564,440,664,1.41421
563,439,664,1.41421
563,438,664,1
563,437,664,1
563,436,664,1
563,435,664,1
564,434,664,1.41421
564,433,664,1
564,432,664,1
564,431,664,1
564,430,664,1
565,429,664,1.41421
565,428,664,1
565,427,664,1
565,426,664,1
566,425,664,1.41421
566,424,664,1
566,423,664,1
567,422,664,1.41421
567,421,664,1
567,420,664,1
568,419,664,1.41421
568,418,664,1
569,417,664,1.41421
569,416,664,1
569,415,664,1
570,414,664,1.41421
570,413,664,1
570,412,664,1
570,411,664,1
570,410,664,1
571,409,664,1.41421
571,408,664,1
571,408,764,0 # Raise pen
500,418,764,71.7008 # Move to next contour
500,418,664,0 # Lower pen
500,418,664,71.7008
499,419,664,1.41421
498,419,664,1
497,420,664,1.41421
496,420,664,1
495,421,664,1.41421
494,421,664,1
493,422,664,1.41421
492,422,664,1
491,422,664,1
490,421,664,1.41421
489,421,664,1
488,421,664,1
487,420,664,1.41421
486,420,664,1
485,420,664,1
484,419,664,1.41421
483,419,664,1
482,419,664,1
481,420,664,1.41421
480,420,664,1
479,421,664,1.41421
478,421,664,1
477,422,664,1.41421
476,422,664,1
475,423,664,1.41421
474,423,664,1
473,424,664,1.41421
472,424,664,1
471,425,664,1.41421
470,425,664,1
469,426,664,1.41421
468,427,664,1.41421
467,428,664,1.41421
466,428,664,1
465,429,664,1.41421
464,430,664,1.41421
463,431,664,1.41421
462,432,664,1.41421
461,433,664,1.41421
460,434,664,1.41421
459,434,664,1
458,435,664,1.41421
457,436,664,1.41421
456,437,664,1.41421
457,436,664,1.41421
458,435,664,1.41421
459,434,664,1.41421
460,434,664,1
461,433,664,1.41421
462,432,664,1.41421
463,431,664,1.41421
464,430,664,1.41421
465,429,664,1.41421
466,428,664,1.41421
467,428,664,1
468,427,664,1.41421
469,426,664,1.41421
470,425,664,1.41421
471,425,664,1
472,424,664,1.41421
473,424,664,1
474,423,664,1.41421
475,423,664,1
476,422,664,1.41421
477,422,664,1
478,421,664,1.41421
479,421,664,1
480,420,664,1.41421
481,420,664,1
482,419,664,1.41421
483,419,664,1
484,419,664,1
485,420,664,1.41421
486,420,664,1
487,420,664,1
488,421,664,1.41421
489,421,664,1
490,421,664,1
491,422,664,1.41421
492,422,664,1
493,422,664,1
494,421,664,1.41421
495,421,664,1
496,420,664,1.41421
497,420,664,1
498,419,664,1.41421
499,419,664,1
500,418,664,1.41421
501,418,664,1
502,418,664,1
503,419,664,1.41421
504,419,664,1
505,420,664,1.41421
506,420,664,1
507,421,664,1.41421
508,421,664,1
509,422,664,1.41421
510,422,664,1
511,423,664,1.41421
512,423,664,1
513,424,664,1.41421
514,425,664,1.41421
515,426,664,1.41421
516,426,664,1
517,427,664,1.41421
518,428,664,1.41421
519,429,664,1.41421
520,430,664,1.41421
521,431,664,1.41421
522,431,664,1
523,432,664,1.41421
524,433,664,1.41421
525,434,664,1.41421
524,435,664,1.41421
523,436,664,1.41421
522,436,664,1
521,437,664,1.41421
520,438,664,1.41421
519,439,664,1.41421
518,440,664,1.41421
517,441,664,1.41421
516,441,664,1
515,442,664,1.41421
514,443,664,1.41421
513,443,664,1
512,444,664,1.41421
511,444,664,1
510,444,664,1
509,445,664,1.41421
508,445,664,1
507,446,664,1.41421
506,446,664,1
505,446,664,1
504,447,664,1.41421
503,447,664,1
502,447,664,1
501,447,664,1
500,447,664,1
499,447,664,1
498,448,664,1.41421
497,448,664,1
496,448,664,1
495,448,664,1
494,448,664,1
493,448,664,1
492,448,664,1
491,448,664,1
490,448,664,1
489,448,664,1
488,448,664,1
487,448,664,1
486,448,664,1
485,448,664,1
484,448,664,1
483,448,664,1
482,448,664,1
481,447,664,1.41421
480,447,664,1
479,447,664,1
478,447,664,1
477,446,664,1.41421
476,446,664,1
475,446,664,1
474,446,664,1
473,445,664,1.41421
472,445,664,1
471,445,664,1
472,445,664,1
473,445,664,1
474,446,664,1.41421
475,446,664,1
476,446,664,1
477,446,664,1
478,447,664,1.41421
479,447,664,1
480,447,664,1
481,447,664,1
482,448,664,1.41421
483,448,664,1
484,448,664,1
485,448,664,1
486,448,664,1
487,448,664,1
488,448,664,1
489,448,664,1
490,448,664,1
491,448,664,1
492,448,664,1
493,448,664,1
494,448,664,1
495,448,664,1
496,448,664,1
497,448,664,1
498,448,664,1
499,447,664,1.41421
500,447,664,1
501,447,664,1
502,447,664,1
503,447,664,1
504,447,664,1
505,446,664,1.41421
506,446,664,1
507,446,664,1
508,445,664,1.41421
509,445,664,1
510,444,664,1.41421
511,444,664,1
512,444,664,1
513,443,664,1.41421
514,443,664,1
515,442,664,1.41421
516,441,664,1.41421
517,441,664,1
518,440,664,1.41421
519,439,664,1.41421
520,438,664,1.41421
521,437,664,1.41421
522,436,664,1.41421
523,436,664,1
524,435,664,1.41421
525,434,664,1.41421
524,433,664,1.41421
523,432,664,1.41421
522,431,664,1.41421
521,431,664,1
520,430,664,1.41421
519,429,664,1.41421
518,428,664,1.41421
517,427,664,1.41421
516,426,664,1.41421
515,426,664,1
514,425,664,1.41421
513,424,664,1.41421
512,423,664,1.41421
511,423,664,1
510,422,664,1.41421
509,422,664,1
508,421,664,1.41421
507,421,664,1
506,420,664,1.41421
505,420,664,1
504,419,664,1.41421
503,419,664,1
502,418,664,1.41421
501,418,664,1
501,418,764,0 # Raise pen
487,434,764,21.2603 # Move to next contour
487,434,664,0 # Lower pen
487,434,664,21.2603
488,433,664,1.41421
489,433,664,1
490,433,664,1
491,433,664,1
492,433,664,1
493,433,664,1
492,433,664,1
491,433,664,1
490,433,664,1
489,433,664,1
488,433,664,1
487,432,664,1.41421
486,432,664,1
485,432,664,1
484,432,664,1
483,432,664,1
482,432,664,1
481,432,664,1
480,433,664,1.41421
479,433,664,1
478,433,664,1
477,433,664,1
476,433,664,1
475,434,664,1.41421
474,434,664,1
473,434,664,1
472,434,664,1
471,434,664,1
470,435,664,1.41421
469,435,664,1
468,435,664,1
467,435,664,1
466,435,664,1
465,436,664,1.41421
464,436,664,1
463,436,664,1
464,436,664,1
465,436,664,1
466,435,664,1.41421
467,435,664,1
468,435,664,1
469,435,664,1
470,435,664,1
471,434,664,1.41421
472,434,664,1
473,434,664,1
474,434,664,1
475,434,664,1
476,433,664,1.41421
477,433,664,1
478,433,664,1
479,433,664,1
480,433,664,1
481,432,664,1.41421
482,432,664,1
483,432,664,1
484,432,664,1
485,432,664,1
486,432,664,1
487,432,664,1
488,433,664,1.41421
487,434,664,1.41421
486,434,664,1
485,434,664,1
484,434,664,1
483,434,664,1
484,434,664,1
485,434,664,1
486,434,664,1
487,434,664,1
488,435,664,1.41421
489,435,664,1
490,435,664,1
491,435,664,1
492,435,664,1
493,435,664,1
494,435,664,1
495,434,664,1.41421
496,434,664,1
497,434,664,1
498,434,664,1
499,433,664,1.41421
500,433,664,1
501,433,664,1
502,433,664,1
503,433,664,1
504,433,664,1
505,433,664,1
506,433,664,1
507,433,664,1
508,433,664,1
509,433,664,1
510,434,664,1.41421
511,434,664,1
512,434,664,1
513,434,664,1
514,434,664,1
515,434,664,1
516,434,664,1
517,434,664,1
518,434,664,1
517,434,664,1
516,434,664,1
515,433,664,1.41421
514,433,664,1
513,433,664,1
512,433,664,1
511,433,664,1
510,433,664,1
509,432,664,1.41421
508,432,664,1
507,432,664,1
506,432,664,1
505,432,664,1
504,432,664,1
503,431,664,1.41421
502,431,664,1
501,431,664,1
500,431,664,1
494,433,664,6.32456
495,432,664,1.41421
496,432,664,1
497,432,664,1
498,432,664,1
499,431,664,1.41421
498,432,664,1.41421
499,431,664,1.41421
500,431,664,1
501,431,664,1
502,431,664,1
503,431,664,1
504,432,664,1.41421
503,433,664,1.41421
502,433,664,1
501,433,664,1
500,433,664,1
499,433,664,1
494,433,664,5
495,434,664,1.41421
494,435,664,1.41421
493,435,664,1
492,435,664,1
491,435,664,1
490,435,664,1
489,435,664,1
488,435,664,1
495,434,664,7.07107
496,434,664,1
497,434,664,1
498,434,664,1
499,433,664,1.41421
498,432,664,1.41421
497,432,664,1
496,432,664,1
495,432,664,1
494,433,664,1.41421
493,433,664,1
493,433,764,0 # Raise pen
392,448,764,102.108 # Move to next contour
392,448,664,0 # Lower pen
392,448,664,102.108
392,449,664,1
392,450,664,1
391,451,664,1.41421
391,452,664,1
390,453,664,1.41421
390,454,664,1
389,455,664,1.41421
389,456,664,1
389,457,664,1
388,458,664,1.41421
388,459,664,1
387,460,664,1.41421
386,461,664,1.41421
385,462,664,1.41421
384,463,664,1.41421
383,464,664,1.41421
382,465,664,1.41421
381,466,664,1.41421
381,467,664,1
380,468,664,1.41421
379,469,664,1.41421
378,469,664,1
377,470,664,1.41421
376,471,664,1.41421
375,472,664,1.41421
374,473,664,1.41421
373,473,664,1
372,474,664,1.41421
371,475,664,1.41421
370,475,664,1
369,476,664,1.41421
368,476,664,1
367,477,664,1.41421
366,478,664,1.41421
365,478,664,1
364,478,664,1
363,479,664,1.41421
362,480,664,1.41421
361,480,664,1
360,481,664,1.41421
359,481,664,1
358,482,664,1.41421
357,483,664,1.41421
356,483,664,1
355,484,664,1.41421
354,484,664,1
353,485,664,1.41421
352,485,664,1
351,486,664,1.41421
350,486,664,1
349,486,664,1
348,487,664,1.41421
347,487,664,1
346,487,664,1
345,488,664,1.41421
344,488,664,1
343,489,664,1.41421
342,490,664,1.41421
341,490,664,1
340,491,664,1.41421
339,492,664,1.41421
338,492,664,1
337,493,664,1.41421
336,494,664,1.41421
335,494,664,1
334,495,664,1.41421
333,495,664,1
332,496,664,1.41421
331,496,664,1
330,497,664,1.41421
329,497,664,1
328,498,664,1.41421
327,498,664,1
326,498,664,1
325,499,664,1.41421
324,499,664,1
323,499,664,1
322,499,664,1
321,499,664,1
320,499,664,1
319,499,664,1
318,499,664,1
317,499,664,1
316,500,664,1.41421
315,500,664,1
314,500,664,1
313,500,664,1
312,500,664,1
311,500,664,1
310,501,664,1.41421
309,501,664,1
308,501,664,1
307,501,664,1
306,501,664,1
305,501,664,1
304,502,664,1.41421
303,502,664,1
302,502,664,1
301,502,664,1
300,502,664,1
299,503,664,1.41421
298,503,664,1
297,503,664,1
296,503,664,1
295,504,664,1.41421
294,504,664,1
293,505,664,1.41421
292,505,664,1
291,505,664,1
290,505,664,1
289,505,664,1
288,505,664,1
287,505,664,1
286,506,664,1.41421
285,506,664,1
284,507,664,1.41421
283,507,664,1
282,507,664,1
281,508,664,1.41421
280,509,664,1.41421
279,509,664,1
278,510,664,1.41421
277,511,664,1.41421
276,512,664,1.41421
275,513,664,1.41421
274,514,664,1.41421
273,515,664,1.41421
272,516,664,1.41421
271,517,664,1.41421
271,518,664,1
270,519,664,1.41421
269,520,664,1.41421
269,521,664,1
268,522,664,1.41421
268,523,664,1
267,524,664,1.41421
266,525,664,1.41421
266,526,664,1
265,527,664,1.41421
265,528,664,1
264,529,664,1.41421
263,530,664,1.41421
263,531,664,1
262,532,664,1.41421
261,533,664,1.41421
260,533,664,1
259,534,664,1.41421
258,535,664,1.41421
257,535,664,1
256,536,664,1.41421
255,537,664,1.41421
254,538,664,1.41421
253,539,664,1.41421
252,540,664,1.41421
251,541,664,1.41421
250,541,664,1
249,542,664,1.41421
248,543,664,1.41421
247,543,664,1
246,544,664,1.41421
245,545,664,1.41421
244,545,664,1
243,546,664,1.41421
242,547,664,1.41421
241,548,664,1.41421
241,549,664,1
240,550,664,1.41421
239,551,664,1.41421
238,552,664,1.41421
237,553,664,1.41421
237,554,664,1
236,555,664,1.41421
235,556,664,1.41421
234,557,664,1.41421
234,558,664,1
233,559,664,1.41421
232,560,664,1.41421
231,561,664,1.41421
230,562,664,1.41421
229,563,664,1.41421
229,564,664,1
228,565,664,1.41421
227,566,664,1.41421
226,567,664,1.41421
225,568,664,1.41421
224,569,664,1.41421
223,570,664,1.41421
223,571,664,1
222,572,664,1.41421
221,573,664,1.41421
220,574,664,1.41421
219,575,664,1.41421
218,576,664,1.41421
217,577,664,1.41421
216,578,664,1.41421
215,579,664,1.41421
214,580,664,1.41421
213,581,664,1.41421
212,582,664,1.41421
211,583,664,1.41421
210,584,664,1.41421
210,585,664,1
209,586,664,1.41421
208,587,664,1.41421
207,588,664,1.41421
206,589,664,1.41421
205,590,664,1.41421
204,591,664,1.41421
203,592,664,1.41421
203,593,664,1
202,594,664,1.41421
201,595,664,1.41421
201,596,664,1
200,597,664,1.41421
199,598,664,1.41421
199,599,664,1
198,600,664,1.41421
197,601,664,1.41421
197,602,664,1
196,603,664,1.41421
195,604,664,1.41421
195,605,664,1
194,606,664,1.41421
194,607,664,1
193,608,664,1.41421
193,609,664,1
192,610,664,1.41421
192,611,664,1
191,612,664,1.41421
191,613,664,1
190,614,664,1.41421
190,615,664,1
190,616,664,1
189,617,664,1.41421
189,618,664,1
188,619,664,1.41421
188,620,664,1
188,621,664,1
188,622,664,1
187,623,664,1.41421
187,624,664,1
187,625,664,1
186,626,664,1.41421
186,627,664,1
186,628,664,1
185,629,664,1.41421
185,630,664,1
185,631,664,1
185,632,664,1
184,633,664,1.41421
184,634,664,1
184,635,664,1
184,636,664,1
184,637,664,1
183,638,664,1.41421
183,639,664,1
183,640,664,1
183,641,664,1
183,642,664,1
182,643,664,1.41421
182,644,664,1
182,645,664,1
182,646,664,1
181,647,664,1.41421
181,648,664,1
180,649,664,1.41421
180,650,664,1
180,651,664,1
179,652,664,1.41421
179,653,664,1
179,654,664,1
179,655,664,1
179,656,664,1
178,657,664,1.41421
178,658,664,1
178,659,664,1
178,660,664,1
178,661,664,1
177,662,664,1.41421
177,663,664,1
176,664,664,1.41421
176,665,664,1
176,666,664,1
175,667,664,1.41421
175,668,664,1
174,669,664,1.41421
174,670,664,1
174,671,664,1
174,672,664,1
174,673,664,1
174,674,664,1
174,675,664,1
174,676,664,1
174,677,664,1
174,678,664,1
174,679,664,1
173,680,664,1.41421
173,681,664,1
173,682,664,1
173,683,664,1
173,684,664,1
173,685,664,1
173,686,664,1
173,687,664,1
173,688,664,1
172,689,664,1.41421
172,690,664,1
171,691,664,1.41421
171,692,664,1
170,693,664,1.41421
169,694,664,1.41421
168,695,664,1.41421
168,696,664,1
167,697,664,1.41421
166,698,664,1.41421
166,699,664,1
166,700,664,1
165,701,664,1.41421
165,702,664,1
165,703,664,1
165,704,664,1
165,705,664,1
165,706,664,1
164,707,664,1.41421
164,708,664,1
164,709,664,1
164,710,664,1
164,711,664,1
164,712,664,1
164,713,664,1
163,714,664,1.41421
163,715,664,1
162,716,664,1.41421
161,717,664,1.41421
162,718,664,1.41421
162,719,664,1
162,718,664,1
162,717,664,1
163,716,664,1.41421
163,715,664,1
163,714,664,1
164,713,664,1.41421
164,712,664,1
164,711,664,1
164,710,664,1
164,709,664,1
164,708,664,1
164,707,664,1
165,706,664,1.41421
165,705,664,1
165,704,664,1
165,703,664,1
165,702,664,1
165,701,664,1
166,700,664,1.41421
166,699,664,1
167,698,664,1.41421
168,697,664,1.41421
168,696,664,1
169,695,664,1.41421
170,694,664,1.41421
171,693,664,1.41421
171,692,664,1
172,691,664,1.41421
172,690,664,1
172,689,664,1
173,688,664,1.41421
173,687,664,1
173,686,664,1
173,685,664,1
173,684,664,1
173,683,664,1
173,682,664,1
173,681,664,1
173,680,664,1
174,679,664,1.41421
174,678,664,1
174,677,664,1
174,676,664,1
174,675,664,1
174,674,664,1
174,673,664,1
174,672,664,1
174,671,664,1
174,670,664,1
174,669,664,1
175,668,664,1.41421
175,667,664,1
176,666,664,1.41421
176,665,664,1
176,664,664,1
177,663,664,1.41421
177,662,664,1
178,661,664,1.41421
178,660,664,1
178,659,664,1
178,658,664,1
178,657,664,1
179,656,664,1.41421
179,655,664,1
179,654,664,1
179,653,664,1
179,652,664,1
180,651,664,1.41421
180,650,664,1
180,649,664,1
181,648,664,1.41421
181,647,664,1
182,646,664,1.41421
182,645,664,1
182,644,664,1
182,643,664,1
183,642,664,1.41421
183,641,664,1
183,640,664,1
183,639,664,1
183,638,664,1
184,637,664,1.41421
184,636,664,1
184,635,664,1
184,634,664,1
184,633,664,1
185,632,664,1.41421
185,631,664,1
185,630,664,1
185,629,664,1
186,628,664,1.41421
186,627,664,1
186,626,664,1
187,625,664,1.41421
187,624,664,1
187,623,664,1
188,622,664,1.41421
188,621,664,1
188,620,664,1
188,619,664,1
189,618,664,1.41421
189,617,664,1
190,616,664,1.41421
190,615,664,1
191,614,664,1.41421
191,613,664,1
192,612,664,1.41421
192,611,664,1
193,610,664,1.41421
193,609,664,1
194,608,664,1.41421
194,607,664,1
195,606,664,1.41421
195,605,664,1
196,604,664,1.41421
197,603,664,1.41421
197,602,664,1
198,601,664,1.41421
199,600,664,1.41421
199,599,664,1
200,598,664,1.41421
201,597,664,1.41421
201,596,664,1
202,595,664,1.41421
203,594,664,1.41421
203,593,664,1
204,592,664,1.41421
205,591,664,1.41421
206,590,664,1.41421
207,589,664,1.41421
208,588,664,1.41421
209,587,664,1.41421
209,586,664,1
210,585,664,1.41421
211,584,664,1.41421
212,583,664,1.41421
213,582,664,1.41421
214,581,664,1.41421
215,580,664,1.41421
216,579,664,1.41421
217,578,664,1.41421
218,577,664,1.41421
219,576,664,1.41421
220,575,664,1.41421
221,574,664,1.41421
222,573,664,1.41421
223,572,664,1.41421
223,571,664,1
224,570,664,1.41421
225,569,664,1.41421
226,568,664,1.41421
227,567,664,1.41421
228,566,664,1.41421
229,565,664,1.41421
229,564,664,1
230,563,664,1.41421
231,562,664,1.41421
232,561,664,1.41421
233,560,664,1.41421
234,559,664,1.41421
234,558,664,1
235,557,664,1.41421
236,556,664,1.41421
237,555,664,1.41421
237,554,664,1
238,553,664,1.41421
239,552,664,1.41421
240,551,664,1.41421
241,550,664,1.41421
241,549,664,1
242,548,664,1.41421
243,547,664,1.41421
244,546,664,1.41421
245,545,664,1.41421
246,545,664,1
247,544,664,1.41421
248,543,664,1.41421
249,543,664,1
250,542,664,1.41421
251,541,664,1.41421
252,540,664,1.41421
253,540,664,1
254,539,664,1.41421
255,538,664,1.41421
256,537,664,1.41421
257,536,664,1.41421
258,535,664,1.41421
259,535,664,1
260,534,664,1.41421
261,533,664,1.41421
262,533,664,1
263,532,664,1.41421
263,531,664,1
264,530,664,1.41421
265,529,664,1.41421
265,528,664,1
266,527,664,1.41421
266,526,664,1
267,525,664,1.41421
268,524,664,1.41421
268,523,664,1
269,522,664,1.41421
269,521,664,1
270,520,664,1.41421
271,519,664,1.41421
271,518,664,1
272,517,664,1.41421
273,516,664,1.41421
274,515,664,1.41421
275,514,664,1.41421
276,513,664,1.41421
277,512,664,1.41421
278,511,664,1.41421
279,510,664,1.41421
280,509,664,1.41421
281,508,664,1.41421
282,508,664,1
283,507,664,1.41421
284,507,664,1
285,506,664,1.41421
286,506,664,1
287,505,664,1.41421
288,505,664,1
289,505,664,1
290,505,664,1
291,505,664,1
292,505,664,1
293,505,664,1
294,504,664,1.41421
295,504,664,1
296,503,664,1.41421
297,503,664,1
298,503,664,1
299,503,664,1
300,502,664,1.41421
301,502,664,1
302,502,664,1
303,502,664,1
304,502,664,1
305,501,664,1.41421
306,501,664,1
307,501,664,1
308,501,664,1
309,501,664,1
310,501,664,1
311,500,664,1.41421
312,500,664,1
313,500,664,1
314,500,664,1
315,500,664,1
316,500,664,1
317,499,664,1.41421
318,499,664,1
319,499,664,1
320,499,664,1
321,499,664,1
322,499,664,1
323,500,664,1.41421
324,499,664,1.41421
325,499,664,1
326,498,664,1.41421
327,498,664,1
328,498,664,1
329,497,664,1.41421
330,497,664,1
331,496,664,1.41421
332,496,664,1
333,496,664,1
334,495,664,1.41421
335,495,664,1
336,494,664,1.41421
337,494,664,1
338,493,664,1.41421
339,492,664,1.41421
340,491,664,1.41421
341,491,664,1
342,490,664,1.41421
343,490,664,1
344,489,664,1.41421
345,488,664,1.41421
346,488,664,1
347,487,664,1.41421
348,487,664,1
349,487,664,1
350,486,664,1.41421
351,486,664,1
352,486,664,1
353,485,664,1.41421
354,485,664,1
355,484,664,1.41421
356,484,664,1
357,483,664,1.41421
358,483,664,1
359,482,664,1.41421
360,481,664,1.41421
361,481,664,1
362,480,664,1.41421
363,479,664,1.41421
364,479,664,1
365,478,664,1.41421
366,478,664,1
367,478,664,1
368,477,664,1.41421
369,476,664,1.41421
370,476,664,1
371,475,664,1.41421
372,475,664,1
373,474,664,1.41421
374,473,664,1.41421
375,473,664,1
376,472,664,1.41421
377,471,664,1.41421
378,470,664,1.41421
379,469,664,1.41421
380,469,664,1
380,468,664,1
381,467,664,1.41421
382,466,664,1.41421
383,465,664,1.41421
384,464,664,1.41421
385,463,664,1.41421
386,462,664,1.41421
387,461,664,1.41421
388,460,664,1.41421
388,459,664,1
388,458,664,1
389,457,664,1.41421
389,456,664,1
390,455,664,1.41421
390,454,664,1
391,453,664,1.41421
391,452,664,1
391,451,664,1
392,450,664,1.41421
392,449,664,1
393,448,664,1.41421
393,448,764,0 # Raise pen
387,404,764,44.4072 # Move to next contour
387,404,664,0 # Lower pen
387,404,664,44.4072
388,403,664,1.41421
389,404,664,1.41421
389,405,664,1
388,406,664,1.41421
387,405,664,1.41421
388,407,664,2.23607
389,406,664,1.41421
390,407,664,1.41421
390,408,664,1
389,409,664,1.41421
388,408,664,1.41421
388,408,764,0 # Raise pen
371,316,764,93.5575 # Move to next contour
371,316,664,0 # Lower pen
371,316,664,93.5575
371,317,664,1
372,318,664,1.41421
372,319,664,1
373,320,664,1.41421
374,320,664,1
375,320,664,1
376,319,664,1.41421
376,318,664,1
376,317,664,1
375,316,664,1.41421
374,315,664,1.41421
373,314,664,1.41421
372,314,664,1
371,315,664,1.41421
372,314,664,1.41421
371,315,664,1.41421
371,316,664,1
371,317,664,1
372,318,664,1.41421
372,319,664,1
373,320,664,1.41421
374,320,664,1
375,320,664,1
376,320,664,1
376,319,664,1
376,318,664,1
377,317,664,1.41421
376,317,664,1
375,316,664,1.41421
375,315,664,1
374,315,664,1
373,314,664,1.41421
373,314,764,0 # Raise pen
430,287,764,63.0714 # Move to next contour
430,287,664,0 # Lower pen
430,287,664,63.0714
429,288,664,1.41421
428,288,664,1
427,288,664,1
426,288,664,1
425,289,664,1.41421
424,289,664,1
423,289,664,1
422,289,664,1
421,290,664,1.41421
420,290,664,1
419,290,664,1
418,291,664,1.41421
417,291,664,1
416,291,664,1
415,291,664,1
414,292,664,1.41421
413,292,664,1
412,292,664,1
411,292,664,1
410,293,664,1.41421
409,293,664,1
408,294,664,1.41421
408,295,664,1
407,296,664,1.41421
406,297,664,1.41421
405,298,664,1.41421
405,299,664,1
404,300,664,1.41421
403,301,664,1.41421
403,302,664,1
402,303,664,1.41421
401,304,664,1.41421
401,305,664,1
400,306,664,1.41421
399,307,664,1.41421
398,308,664,1.41421
398,309,664,1
397,310,664,1.41421
398,309,664,1.41421
398,308,664,1
399,307,664,1.41421
400,306,664,1.41421
401,305,664,1.41421
401,304,664,1
402,303,664,1.41421
403,302,664,1.41421
403,301,664,1
404,300,664,1.41421
405,299,664,1.41421
405,298,664,1
406,297,664,1.41421
407,296,664,1.41421
408,295,664,1.41421
408,294,664,1
409,293,664,1.41421
410,293,664,1
411,292,664,1.41421
412,292,664,1
413,292,664,1
414,292,664,1
415,291,664,1.41421
416,291,664,1
417,291,664,1
418,291,664,1
419,290,664,1.41421
420,290,664,1
421,290,664,1
422,289,664,1.41421
423,289,664,1
424,289,664,1
425,289,664,1
426,288,664,1.41421
427,288,664,1
428,288,664,1
429,288,664,1
430,287,664,1.41421
431,287,664,1
432,287,664,1
433,287,664,1
434,287,664,1
435,288,664,1.41421
436,288,664,1
437,288,664,1
438,288,664,1
439,288,664,1
440,288,664,1
441,288,664,1
442,288,664,1
443,289,664,1.41421
444,289,664,1
445,289,664,1
446,289,664,1
447,289,664,1
448,289,664,1
449,289,664,1
450,290,664,1.41421
451,290,664,1
452,290,664,1
453,290,664,1
454,290,664,1
455,291,664,1.41421
456,291,664,1
457,292,664,1.41421
458,292,664,1
459,293,664,1.41421
460,293,664,1
461,294,664,1.41421
462,294,664,1
463,295,664,1.41421
464,295,664,1
465,296,664,1.41421
466,296,664,1
467,297,664,1.41421
468,297,664,1
469,298,664,1.41421
470,298,664,1
471,299,664,1.41421
472,299,664,1
471,299,664,1
470,298,664,1.41421
469,298,664,1
468,297,664,1.41421
467,297,664,1
466,296,664,1.41421
465,296,664,1
464,295,664,1.41421
463,295,664,1
462,294,664,1.41421
461,294,664,1
460,293,664,1.41421
459,293,664,1
458,292,664,1.41421
457,292,664,1
456,291,664,1.41421
455,291,664,1
454,290,664,1.41421
453,290,664,1
452,290,664,1
451,290,664,1
450,290,664,1
449,289,664,1.41421
448,289,664,1
447,289,664,1
446,289,664,1
445,289,664,1
444,289,664,1
443,289,664,1
442,288,664,1.41421
441,288,664,1
440,288,664,1
439,288,664,1
438,288,664,1
437,288,664,1
436,288,664,1
435,288,664,1
434,287,664,1.41421
433,287,664,1
432,287,664,1
431,287,664,1
431,287,764,0 # Raise pen
440,327,764,41 # Move to next contour
440,327,664,0 # Lower pen
440,327,664,41
439,328,664,1.41421
438,328,664,1
437,328,664,1
436,328,664,1
435,328,664,1
434,328,664,1
433,328,664,1
432,329,664,1.41421
431,329,664,1
430,330,664,1.41421
429,330,664,1
428,331,664,1.41421
427,331,664,1
426,332,664,1.41421
425,332,664,1
424,333,664,1.41421
423,333,664,1
422,334,664,1.41421
421,334,664,1
422,334,664,1
423,333,664,1.41421
424,333,664,1
425,332,664,1.41421
426,332,664,1
427,331,664,1.41421
428,331,664,1
429,330,664,1.41421
430,330,664,1
431,329,664,1.41421
432,329,664,1
433,328,664,1.41421
434,328,664,1
435,328,664,1
436,328,664,1
437,328,664,1
438,328,664,1
439,328,664,1
440,327,664,1.41421
441,327,664,1
442,327,664,1
443,327,664,1
444,327,664,1
445,327,664,1
446,327,664,1
447,328,664,1.41421
448,328,664,1
449,329,664,1.41421
450,329,664,1
451,330,664,1.41421
452,330,664,1
453,331,664,1.41421
454,331,664,1
455,332,664,1.41421
456,332,664,1
457,333,664,1.41421
458,334,664,1.41421
457,335,664,1.41421
456,335,664,1
455,335,664,1
454,336,664,1.41421
453,336,664,1
452,336,664,1
451,336,664,1
450,337,664,1.41421
449,337,664,1
448,337,664,1
447,338,664,1.41421
446,338,664,1
445,338,664,1
444,338,664,1
443,338,664,1
442,338,664,1
441,338,664,1
440,338,664,1
439,338,664,1
438,338,664,1
437,338,664,1
436,338,664,1
435,338,664,1
434,338,664,1
433,338,664,1
432,338,664,1
433,338,664,1
434,338,664,1
435,338,664,1
436,338,664,1
437,338,664,1
438,338,664,1
439,338,664,1
440,338,664,1
441,338,664,1
442,338,664,1
443,338,664,1
444,338,664,1
445,338,664,1
446,338,664,1
447,338,664,1
448,337,664,1.41421
449,337,664,1
450,337,664,1
451,336,664,1.41421
452,336,664,1
453,336,664,1
454,336,664,1
455,335,664,1.41421
456,335,664,1
457,335,664,1
458,334,664,1.41421
459,334,664,1
458,333,664,1.41421
457,333,664,1
456,332,664,1.41421
455,332,664,1
454,331,664,1.41421
453,331,664,1
452,330,664,1.41421
451,330,664,1
450,329,664,1.41421
449,329,664,1
448,328,664,1.41421
447,328,664,1
446,327,664,1.41421
445,327,664,1
444,327,664,1
443,327,664,1
442,327,664,1
441,327,664,1
441,327,764,0 # Raise pen
489,326,764,48.0104 # Move to next contour
489,326,664,0 # Lower pen
489,326,664,48.0104
489,327,664,1
489,328,664,1
489,329,664,1
489,330,664,1
489,331,664,1
489,332,664,1
489,333,664,1
489,334,664,1
489,335,664,1
490,336,664,1.41421
490,337,664,1
490,338,664,1
490,339,664,1
490,340,664,1
490,341,664,1
490,342,664,1
490,343,664,1
490,344,664,1
490,345,664,1
490,346,664,1
490,347,664,1
490,348,664,1
490,349,664,1
490,350,664,1
490,351,664,1
490,352,664,1
491,353,664,1.41421
491,354,664,1
491,355,664,1
491,356,664,1
491,357,664,1
491,358,664,1
491,359,664,1
491,360,664,1
491,361,664,1
491,362,664,1
491,363,664,1
491,364,664,1
491,365,664,1
491,366,664,1
491,367,664,1
491,368,664,1
491,369,664,1
492,370,664,1.41421
492,371,664,1
492,372,664,1
492,373,664,1
492,374,664,1
492,375,664,1
492,376,664,1
492,377,664,1
492,378,664,1
491,379,664,1.41421
490,379,664,1
489,380,664,1.41421
488,381,664,1.41421
487,382,664,1.41421
486,382,664,1
485,383,664,1.41421
484,384,664,1.41421
483,385,664,1.41421
482,385,664,1
481,386,664,1.41421
480,387,664,1.41421
479,388,664,1.41421
478,388,664,1
477,389,664,1.41421
476,390,664,1.41421
475,391,664,1.41421
474,391,664,1
473,392,664,1.41421
472,393,664,1.41421
471,394,664,1.41421
470,394,664,1
469,395,664,1.41421
470,395,664,1
471,396,664,1.41421
472,396,664,1
473,396,664,1
474,397,664,1.41421
475,397,664,1
476,398,664,1.41421
477,398,664,1
478,398,664,1
479,399,664,1.41421
480,399,664,1
481,399,664,1
482,399,664,1
483,400,664,1.41421
484,400,664,1
485,400,664,1
486,400,664,1
487,401,664,1.41421
488,401,664,1
489,401,664,1
490,401,664,1
491,402,664,1.41421
492,402,664,1
493,402,664,1
494,401,664,1.41421
495,401,664,1
496,401,664,1
497,401,664,1
498,400,664,1.41421
499,400,664,1
500,400,664,1
501,400,664,1
502,399,664,1.41421
503,399,664,1
504,399,664,1
505,398,664,1.41421
506,398,664,1
507,397,664,1.41421
508,397,664,1
509,396,664,1.41421
510,396,664,1
511,395,664,1.41421
512,395,664,1
513,394,664,1.41421
512,395,664,1.41421
511,395,664,1
510,396,664,1.41421
509,396,664,1
508,397,664,1.41421
507,397,664,1
506,398,664,1.41421
505,398,664,1
504,399,664,1.41421
503,399,664,1
502,399,664,1
501,400,664,1.41421
500,400,664,1
499,400,664,1
498,400,664,1
497,401,664,1.41421
496,401,664,1
495,401,664,1
494,401,664,1
493,402,664,1.41421
492,402,664,1
491,402,664,1
490,401,664,1.41421
489,401,664,1
488,401,664,1
487,401,664,1
486,400,664,1.41421
485,400,664,1
484,400,664,1
483,400,664,1
482,399,664,1.41421
481,399,664,1
480,399,664,1
479,399,664,1
478,398,664,1.41421
477,398,664,1
476,398,664,1
475,397,664,1.41421
474,397,664,1
473,396,664,1.41421
472,396,664,1
471,396,664,1
470,395,664,1.41421
471,394,664,1.41421
472,393,664,1.41421
473,392,664,1.41421
474,391,664,1.41421
475,391,664,1
476,390,664,1.41421
477,389,664,1.41421
478,388,664,1.41421
479,388,664,1
480,387,664,1.41421
481,386,664,1.41421
482,385,664,1.41421
483,385,664,1
484,384,664,1.41421
485,383,664,1.41421
486,382,664,1.41421
487,382,664,1
488,381,664,1.41421
489,380,664,1.41421
490,379,664,1.41421
491,379,664,1
492,378,664,1.41421
492,377,664,1
492,376,664,1
492,375,664,1
492,374,664,1
492,373,664,1
492,372,664,1
492,371,664,1
492,370,664,1
491,369,664,1.41421
491,368,664,1
491,367,664,1
491,366,664,1
491,365,664,1
491,364,664,1
491,363,664,1
491,362,664,1
491,361,664,1
491,360,664,1
491,359,664,1
491,358,664,1
491,357,664,1
491,356,664,1
491,355,664,1
491,354,664,1
491,353,664,1
490,352,664,1.41421
490,351,664,1
490,350,664,1
490,349,664,1
490,348,664,1
490,347,664,1
490,346,664,1
490,345,664,1
490,344,664,1
490,343,664,1
490,342,664,1
490,341,664,1
490,340,664,1
490,339,664,1
490,338,664,1
490,337,664,1
490,336,664,1
489,335,664,1.41421
489,334,664,1
489,333,664,1
489,332,664,1
489,331,664,1
489,330,664,1
489,329,664,1
489,328,664,1
489,327,664,1
489,327,764,0 # Raise pen
533,325,764,44.0454 # Move to next contour
533,325,664,0 # Lower pen
533,325,664,44.0454
532,326,664,1.41421
531,326,664,1
530,326,664,1
529,326,664,1
528,326,664,1
527,326,664,1
526,326,664,1
525,326,664,1
524,327,664,1.41421
523,327,664,1
522,328,664,1.41421
521,328,664,1
520,329,664,1.41421
519,329,664,1
518,330,664,1.41421
517,330,664,1
516,331,664,1.41421
515,331,664,1
514,332,664,1.41421
513,332,664,1
514,332,664,1
515,331,664,1.41421
516,331,664,1
517,330,664,1.41421
518,330,664,1
519,329,664,1.41421
520,329,664,1
521,328,664,1.41421
522,328,664,1
523,327,664,1.41421
524,327,664,1
525,326,664,1.41421
526,326,664,1
527,326,664,1
528,326,664,1
529,326,664,1
530,326,664,1
531,326,664,1
532,326,664,1
533,325,664,1.41421
534,325,664,1
535,325,664,1
536,325,664,1
537,325,664,1
538,325,664,1
539,325,664,1
540,325,664,1
541,326,664,1.41421
542,326,664,1
543,327,664,1.41421
544,327,664,1
545,328,664,1.41421
546,328,664,1
547,329,664,1.41421
548,329,664,1
549,330,664,1.41421
548,331,664,1.41421
547,332,664,1.41421
546,332,664,1
545,333,664,1.41421
544,333,664,1
543,334,664,1.41421
542,334,664,1
541,335,664,1.41421
540,335,664,1
539,335,664,1
538,335,664,1
537,335,664,1
536,335,664,1
535,335,664,1
534,335,664,1
533,335,664,1
532,335,664,1
531,335,664,1
530,335,664,1
529,335,664,1
528,335,664,1
527,335,664,1
528,335,664,1
529,335,664,1
530,335,664,1
531,335,664,1
532,335,664,1
533,335,664,1
534,335,664,1
535,335,664,1
536,335,664,1
537,335,664,1
538,335,664,1
539,335,664,1
540,335,664,1
541,335,664,1
542,334,664,1.41421
543,334,664,1
544,333,664,1.41421
545,333,664,1
546,332,664,1.41421
547,332,664,1
548,331,664,1.41421
549,331,664,1
550,330,664,1.41421
549,330,664,1
548,329,664,1.41421
547,329,664,1
546,328,664,1.41421
545,328,664,1
544,327,664,1.41421
543,327,664,1
542,326,664,1.41421
541,326,664,1
540,325,664,1.41421
539,325,664,1
538,325,664,1
537,325,664,1
536,325,664,1
535,325,664,1
534,325,664,1
534,325,764,0 # Raise pen
552,318,764,19.3132 # Move to next contour
552,318,664,0 # Lower pen
552,318,664,19.3132
553,318,664,1
554,318,664,1
555,318,664,1
556,319,664,1.41421
557,319,664,1
558,319,664,1
559,320,664,1.41421
560,320,664,1
561,320,664,1
562,320,664,1
563,320,664,1
564,321,664,1.41421
565,321,664,1
566,322,664,1.41421
567,322,664,1
568,323,664,1.41421
569,323,664,1
570,324,664,1.41421
571,325,664,1.41421
572,326,664,1.41421
573,327,664,1.41421
573,328,664,1
573,329,664,1
573,330,664,1
574,331,664,1.41421
575,332,664,1.41421
575,333,664,1
575,334,664,1
575,335,664,1
575,336,664,1
576,337,664,1.41421
576,338,664,1
576,339,664,1
576,340,664,1
577,341,664,1.41421
576,342,664,1.41421
576,343,664,1
576,344,664,1
576,345,664,1
576,346,664,1
576,347,664,1
576,348,664,1
575,349,664,1.41421
575,350,664,1
575,351,664,1
575,352,664,1
574,353,664,1.41421
574,354,664,1
573,355,664,1.41421
573,356,664,1
572,357,664,1.41421
572,358,664,1
572,359,664,1
571,360,664,1.41421
570,361,664,1.41421
570,362,664,1
569,363,664,1.41421
569,364,664,1
568,365,664,1.41421
567,366,664,1.41421
566,367,664,1.41421
565,368,664,1.41421
564,369,664,1.41421
563,370,664,1.41421
562,371,664,1.41421
561,372,664,1.41421
560,372,664,1
559,373,664,1.41421
558,374,664,1.41421
557,374,664,1
556,375,664,1.41421
555,375,664,1
554,375,664,1
553,376,664,1.41421
552,376,664,1
551,376,664,1
550,377,664,1.41421
549,377,664,1
548,377,664,1
547,377,664,1
546,377,664,1
545,377,664,1
544,377,664,1
543,377,664,1
542,377,664,1
541,377,664,1
540,377,664,1
539,377,664,1
538,377,664,1
537,377,664,1
536,377,664,1
537,377,664,1
538,377,664,1
539,377,664,1
540,377,664,1
541,377,664,1
542,377,664,1
543,377,664,1
544,377,664,1
545,377,664,1
546,377,664,1
547,377,664,1
548,377,664,1
549,377,664,1
550,377,664,1
551,376,664,1.41421
552,376,664,1
553,376,664,1
554,375,664,1.41421
555,375,664,1
556,375,664,1
557,375,664,1
558,374,664,1.41421
559,374,664,1
560,373,664,1.41421
561,372,664,1.41421
562,372,664,1
563,371,664,1.41421
564,370,664,1.41421
565,369,664,1.41421
566,368,664,1.41421
567,367,664,1.41421
568,366,664,1.41421
569,365,664,1.41421
569,364,664,1
570,363,664,1.41421
570,362,664,1
571,361,664,1.41421
571,360,664,1
572,359,664,1.41421
572,358,664,1
573,357,664,1.41421
573,356,664,1
573,355,664,1
574,354,664,1.41421
574,353,664,1
575,352,664,1.41421
575,351,664,1
575,350,664,1
575,349,664,1
576,348,664,1.41421
576,347,664,1
576,346,664,1
576,345,664,1
576,344,664,1
576,343,664,1
576,342,664,1
577,341,664,1.41421
576,340,664,1.41421
576,339,664,1
576,338,664,1
576,337,664,1
575,336,664,1.41421
575,335,664,1
575,334,664,1
575,333,664,1
575,332,664,1
574,331,664,1.41421
573,330,664,1.41421
573,329,664,1
573,328,664,1
573,327,664,1
573,326,664,1
572,325,664,1.41421
571,324,664,1.41421
570,323,664,1.41421
569,323,664,1
568,322,664,1.41421
567,322,664,1
566,321,664,1.41421
565,321,664,1
564,321,664,1
563,320,664,1.41421
562,320,664,1
561,320,664,1
560,320,664,1
559,320,664,1
558,319,664,1.41421
557,319,664,1
556,319,664,1
555,318,664,1.41421
554,318,664,1
553,318,664,1
553,318,764,0 # Raise pen
583,306,764,32.311 # Move to next contour
583,306,664,0 # Lower pen
583,306,664,32.311
583,307,664,1
584,307,664,1
585,307,664,1
586,308,664,1.41421
586,309,664,1
587,309,664,1
588,310,664,1.41421
587,311,664,1.41421
586,311,664,1
585,311,664,1
585,312,664,1
585,313,664,1
586,312,664,1.41421
587,311,664,1.41421
588,310,664,1.41421
589,310,664,1
590,310,664,1
591,310,664,1
592,311,664,1.41421
593,311,664,1
594,312,664,1.41421
595,313,664,1.41421
596,314,664,1.41421
597,315,664,1.41421
597,316,664,1
597,317,664,1
597,318,664,1
598,319,664,1.41421
598,320,664,1
597,321,664,1.41421
597,322,664,1
597,323,664,1
597,324,664,1
597,325,664,1
597,326,664,1
597,327,664,1
597,328,664,1
597,329,664,1
598,330,664,1.41421
598,331,664,1
597,332,664,1.41421
597,333,664,1
597,334,664,1
597,335,664,1
597,336,664,1
597,337,664,1
597,338,664,1
597,339,664,1
597,340,664,1
597,341,664,1
596,342,664,1.41421
596,343,664,1
596,344,664,1
596,345,664,1
596,346,664,1
596,347,664,1
596,348,664,1
596,349,664,1
596,350,664,1
596,351,664,1
596,352,664,1
596,353,664,1
595,354,664,1.41421
595,355,664,1
595,356,664,1
595,357,664,1
595,358,664,1
595,359,664,1
595,360,664,1
595,361,664,1
595,362,664,1
595,363,664,1
594,364,664,1.41421
595,365,664,1.41421
594,366,664,1.41421
594,367,664,1
594,368,664,1
594,369,664,1
593,370,664,1.41421
593,371,664,1
592,372,664,1.41421
592,373,664,1
592,374,664,1
591,375,664,1.41421
591,376,664,1
590,377,664,1.41421
590,378,664,1
589,379,664,1.41421
589,380,664,1
588,381,664,1.41421
588,382,664,1
587,383,664,1.41421
587,384,664,1
586,385,664,1.41421
585,386,664,1.41421
585,387,664,1
584,388,664,1.41421
583,389,664,1.41421
582,390,664,1.41421
581,391,664,1.41421
580,392,664,1.41421
579,393,664,1.41421
578,394,664,1.41421
577,395,664,1.41421
576,396,664,1.41421
575,395,664,1.41421
575,394,664,1
575,393,664,1
575,392,664,1
575,391,664,1
576,390,664,1.41421
576,389,664,1
576,388,664,1
576,387,664,1
576,386,664,1
576,385,664,1
576,384,664,1
576,383,664,1
577,382,664,1.41421
577,381,664,1
577,380,664,1
577,379,664,1
577,378,664,1
577,377,664,1
577,376,664,1
577,375,664,1
577,374,664,1
577,373,664,1
577,372,664,1
578,371,664,1.41421
578,370,664,1
578,369,664,1
578,368,664,1
578,367,664,1
578,366,664,1
578,365,664,1
578,364,664,1
578,363,664,1
578,362,664,1
578,361,664,1
578,360,664,1
578,359,664,1
579,358,664,1.41421
579,357,664,1
579,356,664,1
579,355,664,1
579,354,664,1
580,353,664,1.41421
580,352,664,1
580,351,664,1
581,350,664,1.41421
581,349,664,1
581,348,664,1
581,347,664,1
582,346,664,1.41421
582,345,664,1
582,344,664,1
582,343,664,1
583,342,664,1.41421
583,341,664,1
583,340,664,1
584,339,664,1.41421
584,338,664,1
584,337,664,1
585,336,664,1.41421
586,335,664,1.41421
587,334,664,1.41421
588,333,664,1.41421
589,333,664,1
590,333,664,1
591,332,664,1.41421
592,332,664,1
593,331,664,1.41421
593,330,664,1
593,329,664,1
593,328,664,1
594,327,664,1.41421
593,326,664,1.41421
593,325,664,1
593,324,664,1
592,323,664,1.41421
591,322,664,1.41421
590,322,664,1
589,322,664,1
588,321,664,1.41421
587,321,664,1
586,321,664,1
585,321,664,1
584,321,664,1
583,321,664,1
582,320,664,1.41421
581,320,664,1
580,320,664,1
579,320,664,1
578,319,664,1.41421
577,319,664,1
576,318,664,1.41421
575,318,664,1
574,318,664,1
573,317,664,1.41421
572,317,664,1
571,317,664,1
570,317,664,1
569,317,664,1
568,316,664,1.41421
567,315,664,1.41421
566,315,664,1
565,315,664,1
564,315,664,1
563,315,664,1
564,315,664,1
565,315,664,1
566,315,664,1
567,316,664,1.41421
568,316,664,1
569,317,664,1.41421
570,317,664,1
571,317,664,1
572,317,664,1
573,318,664,1.41421
574,318,664,1
575,318,664,1
576,319,664,1.41421
577,319,664,1
578,319,664,1
579,320,664,1.41421
580,320,664,1
581,320,664,1
582,320,664,1
583,321,664,1.41421
584,321,664,1
585,321,664,1
586,321,664,1
587,321,664,1
588,321,664,1
589,322,664,1.41421
590,322,664,1
591,323,664,1.41421
592,324,664,1.41421
593,325,664,1.41421
593,326,664,1
593,327,664,1
593,328,664,1
593,329,664,1
593,330,664,1
592,331,664,1.41421
591,332,664,1.41421
590,333,664,1.41421
589,333,664,1
588,333,664,1
587,333,664,1
586,334,664,1.41421
585,335,664,1.41421
584,336,664,1.41421
584,337,664,1
584,338,664,1
584,339,664,1
583,340,664,1.41421
583,341,664,1
583,342,664,1
582,343,664,1.41421
582,344,664,1
582,345,664,1
581,346,664,1.41421
581,347,664,1
581,348,664,1
580,349,664,1.41421
579,348,664,1.41421
579,347,664,1
579,346,664,1
579,345,664,1
579,344,664,1
579,343,664,1
579,342,664,1
579,341,664,1
579,340,664,1
580,339,664,1.41421
580,338,664,1
580,337,664,1
580,336,664,1
580,335,664,1
580,334,664,1
580,333,664,1
580,332,664,1
580,331,664,1
580,330,664,1
580,329,664,1
580,328,664,1
580,327,664,1
580,328,664,1
580,329,664,1
580,330,664,1
580,331,664,1
580,332,664,1
580,333,664,1
580,334,664,1
580,335,664,1
580,336,664,1
580,337,664,1
580,338,664,1
580,339,664,1
579,340,664,1.41421
579,341,664,1
579,342,664,1
579,343,664,1
579,344,664,1
579,345,664,1
579,346,664,1
579,347,664,1
579,348,664,1
579,349,664,1
579,350,664,1
579,351,664,1
579,352,664,1
579,353,664,1
579,354,664,1
579,355,664,1
578,356,664,1.41421
578,357,664,1
578,358,664,1
577,359,664,1.41421
576,360,664,1.41421
576,361,664,1
576,362,664,1
575,363,664,1.41421
575,364,664,1
574,365,664,1.41421
573,366,664,1.41421
573,367,664,1
572,368,664,1.41421
571,369,664,1.41421
570,370,664,1.41421
569,371,664,1.41421
568,372,664,1.41421
567,373,664,1.41421
566,374,664,1.41421
565,375,664,1.41421
564,375,664,1
563,376,664,1.41421
562,377,664,1.41421
561,377,664,1
560,378,664,1.41421
559,378,664,1
558,378,664,1
557,379,664,1.41421
556,379,664,1
555,379,664,1
554,380,664,1.41421
553,380,664,1
552,380,664,1
551,380,664,1
550,380,664,1
549,380,664,1
548,380,664,1
547,381,664,1.41421
546,381,664,1
545,381,664,1
544,381,664,1
543,381,664,1
542,381,664,1
541,381,664,1
540,381,664,1
539,381,664,1
538,381,664,1
537,381,664,1
536,381,664,1
535,381,664,1
534,380,664,1.41421
533,380,664,1
532,380,664,1
531,380,664,1
530,380,664,1
529,380,664,1
528,379,664,1.41421
527,379,664,1
526,379,664,1
525,378,664,1.41421
524,378,664,1
523,378,664,1
522,377,664,1.41421
521,377,664,1
520,376,664,1.41421
519,376,664,1
518,375,664,1.41421
519,376,664,1.41421
520,376,664,1
521,377,664,1.41421
522,377,664,1
523,378,664,1.41421
524,378,664,1
525,378,664,1
526,379,664,1.41421
527,379,664,1
528,379,664,1
529,380,664,1.41421
530,380,664,1
531,380,664,1
532,380,664,1
533,380,664,1
534,380,664,1
535,381,664,1.41421
536,381,664,1
537,381,664,1
538,381,664,1
539,381,664,1
540,381,664,1
541,381,664,1
542,381,664,1
543,381,664,1
544,381,664,1
545,381,664,1
546,381,664,1
547,381,664,1
548,380,664,1.41421
549,380,664,1
550,380,664,1
551,380,664,1
552,380,664,1
553,380,664,1
554,380,664,1
555,379,664,1.41421
556,379,664,1
557,379,664,1
558,379,664,1
559,378,664,1.41421
560,378,664,1
561,378,664,1
562,377,664,1.41421
563,377,664,1
564,376,664,1.41421
565,375,664,1.41421
566,375,664,1
567,374,664,1.41421
568,373,664,1.41421
569,372,664,1.41421
570,371,664,1.41421
571,370,664,1.41421
572,369,664,1.41421
573,368,664,1.41421
573,367,664,1
574,366,664,1.41421
575,365,664,1.41421
575,364,664,1
576,363,664,1.41421
576,362,664,1
576,361,664,1
577,360,664,1.41421
578,361,664,1.41421
578,362,664,1
578,363,664,1
578,364,664,1
578,365,664,1
578,366,664,1
578,367,664,1
578,368,664,1
578,369,664,1
578,370,664,1
578,371,664,1
577,372,664,1.41421
577,373,664,1
577,374,664,1
577,375,664,1
577,376,664,1
577,377,664,1
577,378,664,1
577,379,664,1
577,380,664,1
577,381,664,1
577,382,664,1
576,383,664,1.41421
576,384,664,1
576,385,664,1
576,386,664,1
576,387,664,1
576,388,664,1
576,389,664,1
576,390,664,1
575,391,664,1.41421
575,392,664,1
575,393,664,1
575,394,664,1
575,395,664,1
575,396,664,1
575,397,664,1
574,398,664,1.41421
574,399,664,1
574,400,664,1
573,401,664,1.41421
573,402,664,1
572,403,664,1.41421
572,404,664,1
572,405,664,1
572,406,664,1
571,407,664,1.41421
571,408,664,1
571,409,664,1
570,410,664,1.41421
570,411,664,1
570,412,664,1
570,413,664,1
570,414,664,1
569,415,664,1.41421
569,416,664,1
568,417,664,1.41421
568,418,664,1
568,419,664,1
567,420,664,1.41421
567,421,664,1
567,422,664,1
566,423,664,1.41421
566,424,664,1
566,425,664,1
565,426,664,1.41421
565,427,664,1
565,428,664,1
565,429,664,1
564,430,664,1.41421
564,431,664,1
564,432,664,1
564,433,664,1
564,434,664,1
563,435,664,1.41421
563,436,664,1
563,437,664,1
563,438,664,1
563,439,664,1
563,440,664,1
563,441,664,1
563,442,664,1
563,443,664,1
562,444,664,1.41421
562,445,664,1
561,446,664,1.41421
561,447,664,1
560,448,664,1.41421
560,449,664,1
559,450,664,1.41421
559,451,664,1
558,452,664,1.41421
558,453,664,1
557,454,664,1.41421
556,455,664,1.41421
555,456,664,1.41421
555,457,664,1
554,458,664,1.41421
553,459,664,1.41421
552,460,664,1.41421
551,461,664,1.41421
550,462,664,1.41421
550,463,664,1
549,464,664,1.41421
548,465,664,1.41421
547,466,664,1.41421
546,467,664,1.41421
545,468,664,1.41421
545,469,664,1
544,470,664,1.41421
543,471,664,1.41421
542,472,664,1.41421
541,473,664,1.41421
540,474,664,1.41421
539,475,664,1.41421
538,475,664,1
537,476,664,1.41421
536,477,664,1.41421
535,478,664,1.41421
534,479,664,1.41421
533,480,664,1.41421
532,481,664,1.41421
531,481,664,1
530,482,664,1.41421
529,483,664,1.41421
528,484,664,1.41421
527,485,664,1.41421
526,486,664,1.41421
525,486,664,1
524,487,664,1.41421
523,488,664,1.41421
522,489,664,1.41421
521,489,664,1
520,489,664,1
519,490,664,1.41421
518,490,664,1
517,490,664,1
516,490,664,1
515,491,664,1.41421
514,491,664,1
513,491,664,1
512,491,664,1
511,492,664,1.41421
510,492,664,1
509,492,664,1
508,492,664,1
507,492,664,1
506,493,664,1.41421
505,493,664,1
504,493,664,1
503,493,664,1
502,494,664,1.41421
501,494,664,1
500,494,664,1
499,494,664,1
498,495,664,1.41421
497,495,664,1
496,495,664,1
495,495,664,1
494,495,664,1
493,495,664,1
492,495,664,1
491,494,664,1.41421
490,494,664,1
489,494,664,1
488,494,664,1
487,494,664,1
486,494,664,1
485,494,664,1
484,494,664,1
483,494,664,1
482,494,664,1
481,493,664,1.41421
480,493,664,1
479,493,664,1
478,493,664,1
477,493,664,1
476,493,664,1
475,493,664,1
474,493,664,1
473,493,664,1
472,493,664,1
471,492,664,1.41421
470,492,664,1
469,492,664,1
468,492,664,1
467,492,664,1
466,491,664,1.41421
465,491,664,1
464,490,664,1.41421
463,490,664,1
462,489,664,1.41421
461,489,664,1
460,488,664,1.41421
459,488,664,1
458,487,664,1.41421
457,487,664,1
456,486,664,1.41421
455,486,664,1
454,485,664,1.41421
453,485,664,1
452,484,664,1.41421
451,484,664,1
450,483,664,1.41421
449,483,664,1
448,482,664,1.41421
447,482,664,1
446,481,664,1.41421
445,481,664,1
444,480,664,1.41421
443,480,664,1
442,479,664,1.41421
441,478,664,1.41421
440,477,664,1.41421
439,477,664,1
438,476,664,1.41421
437,475,664,1.41421
436,474,664,1.41421
435,473,664,1.41421
434,473,664,1
433,472,664,1.41421
432,471,664,1.41421
431,470,664,1.41421
430,469,664,1.41421
429,468,664,1.41421
428,468,664,1
427,467,664,1.41421
426,466,664,1.41421
425,465,664,1.41421
424,464,664,1.41421
423,464,664,1
422,463,664,1.41421
421,462,664,1.41421
420,461,664,1.41421
419,460,664,1.41421
419,459,664,1
418,458,664,1.41421
417,457,664,1.41421
416,456,664,1.41421
415,455,664,1.41421
415,454,664,1
414,453,664,1.41421
413,452,664,1.41421
412,451,664,1.41421
411,450,664,1.41421
410,449,664,1.41421
410,448,664,1
409,447,664,1.41421
408,446,664,1.41421
407,445,664,1.41421
406,444,664,1.41421
406,443,664,1
405,442,664,1.41421
404,441,664,1.41421
404,440,664,1
403,439,664,1.41421
403,438,664,1
402,437,664,1.41421
402,436,664,1
401,435,664,1.41421
401,434,664,1
400,433,664,1.41421
400,432,664,1
399,431,664,1.41421
399,430,664,1
398,429,664,1.41421
398,428,664,1
398,427,664,1
397,426,664,1.41421
397,425,664,1
396,424,664,1.41421
396,423,664,1
395,422,664,1.41421
395,421,664,1
394,420,664,1.41421
394,419,664,1
393,418,664,1.41421
393,417,664,1
393,416,664,1
392,415,664,1.41421
392,414,664,1
392,413,664,1
391,412,664,1.41421
391,411,664,1
391,410,664,1
390,409,664,1.41421
390,408,664,1
390,407,664,1
389,406,664,1.41421
389,405,664,1
389,404,664,1
388,403,664,1.41421
388,402,664,1
388,401,664,1
387,400,664,1.41421
387,399,664,1
387,398,664,1
386,397,664,1.41421
386,396,664,1
386,395,664,1
385,394,664,1.41421
385,393,664,1
385,392,664,1
384,391,664,1.41421
384,390,664,1
384,389,664,1
383,388,664,1.41421
383,387,664,1
383,386,664,1
383,385,664,1
382,384,664,1.41421
382,383,664,1
382,382,664,1
382,381,664,1
381,380,664,1.41421
381,379,664,1
381,378,664,1
381,377,664,1
380,376,664,1.41421
380,375,664,1
380,374,664,1
380,373,664,1
379,372,664,1.41421
379,371,664,1
379,370,664,1
379,369,664,1
378,368,664,1.41421
378,367,664,1
378,366,664,1
378,365,664,1
377,364,664,1.41421
377,363,664,1
377,362,664,1
377,361,664,1
377,360,664,1
377,359,664,1
376,358,664,1.41421
376,357,664,1
376,356,664,1
376,355,664,1
376,354,664,1
376,353,664,1
376,352,664,1
376,351,664,1
376,350,664,1
375,349,664,1.41421
375,348,664,1
375,347,664,1
375,346,664,1
375,345,664,1
375,344,664,1
375,343,664,1
375,342,664,1
375,341,664,1
375,340,664,1
374,339,664,1.41421
374,338,664,1
374,337,664,1
374,336,664,1
374,335,664,1
374,336,664,1
374,337,664,1
374,338,664,1
374,339,664,1
375,340,664,1.41421
375,341,664,1
375,342,664,1
375,343,664,1
375,344,664,1
375,345,664,1
375,346,664,1
375,347,664,1
375,348,664,1
375,349,664,1
376,350,664,1.41421
376,351,664,1
376,352,664,1
376,353,664,1
376,354,664,1
376,355,664,1
376,356,664,1
376,357,664,1
376,358,664,1
377,359,664,1.41421
377,360,664,1
377,361,664,1
377,362,664,1
377,363,664,1
377,364,664,1
378,365,664,1.41421
378,366,664,1
378,367,664,1
378,368,664,1
379,369,664,1.41421
379,370,664,1
379,371,664,1
379,372,664,1
380,373,664,1.41421
380,374,664,1
380,375,664,1
380,376,664,1
381,377,664,1.41421
381,378,664,1
381,379,664,1
381,380,664,1
382,381,664,1.41421
382,382,664,1
382,383,664,1
382,384,664,1
383,385,664,1.41421
383,386,664,1
383,387,664,1
383,388,664,1
384,389,664,1.41421
384,390,664,1
384,391,664,1
385,392,664,1.41421
385,393,664,1
385,394,664,1
386,395,664,1.41421
386,396,664,1
386,397,664,1
387,398,664,1.41421
387,399,664,1
387,400,664,1
388,401,664,1.41421
388,402,664,1
388,403,664,1
387,404,664,1.41421
386,403,664,1.41421
386,402,664,1
385,402,664,1
384,401,664,1.41421
383,401,664,1
382,401,664,1
381,401,664,1
380,401,664,1
379,401,664,1
378,401,664,1
377,401,664,1
376,401,664,1
375,400,664,1.41421
374,400,664,1
373,400,664,1
372,399,664,1.41421
371,398,664,1.41421
370,397,664,1.41421
369,396,664,1.41421
368,395,664,1.41421
367,394,664,1.41421
366,393,664,1.41421
365,392,664,1.41421
364,391,664,1.41421
363,390,664,1.41421
362,389,664,1.41421
361,388,664,1.41421
360,387,664,1.41421
359,386,664,1.41421
359,385,664,1
358,384,664,1.41421
358,383,664,1
357,382,664,1.41421
357,381,664,1
356,380,664,1.41421
356,379,664,1
355,378,664,1.41421
355,377,664,1
354,376,664,1.41421
354,375,664,1
354,374,664,1
353,373,664,1.41421
353,372,664,1
353,371,664,1
353,370,664,1
353,369,664,1
352,368,664,1.41421
352,367,664,1
352,366,664,1
352,365,664,1
352,364,664,1
352,363,664,1
352,362,664,1
352,361,664,1
352,360,664,1
352,359,664,1
352,358,664,1
352,357,664,1
352,356,664,1
351,355,664,1.41421
351,354,664,1
351,353,664,1
351,352,664,1
351,351,664,1
351,350,664,1
351,349,664,1
350,348,664,1.41421
350,347,664,1
350,346,664,1
350,345,664,1
350,344,664,1
350,343,664,1
350,342,664,1
350,341,664,1
349,340,664,1.41421
349,339,664,1
349,338,664,1
349,337,664,1
349,336,664,1
349,335,664,1
349,334,664,1
348,333,664,1.41421
348,332,664,1
348,331,664,1
348,330,664,1
348,329,664,1
348,328,664,1
348,327,664,1
348,326,664,1
348,325,664,1
348,324,664,1
348,323,664,1
347,322,664,1.41421
347,321,664,1
347,320,664,1
347,319,664,1
347,318,664,1
347,317,664,1
347,316,664,1
348,315,664,1.41421
349,314,664,1.41421
350,313,664,1.41421
351,312,664,1.41421
352,311,664,1.41421
353,311,664,1
354,311,664,1
355,310,664,1.41421
356,310,664,1
357,310,664,1
358,311,664,1.41421
359,311,664,1
360,311,664,1
361,312,664,1.41421
362,313,664,1.41421
363,314,664,1.41421
364,314,664,1
365,315,664,1.41421
366,316,664,1.41421
366,315,664,1
365,314,664,1.41421
364,314,664,1
363,313,664,1.41421
364,312,664,1.41421
363,312,664,1
362,312,664,1
361,311,664,1.41421
360,311,664,1
359,311,664,1
358,311,664,1
357,310,664,1.41421
356,310,664,1
355,310,664,1
354,311,664,1.41421
353,311,664,1
352,311,664,1
351,311,664,1
350,312,664,1.41421
349,313,664,1.41421
348,314,664,1.41421
348,315,664,1
347,316,664,1.41421
347,317,664,1
347,318,664,1
347,319,664,1
347,320,664,1
347,321,664,1
347,322,664,1
348,323,664,1.41421
348,324,664,1
348,325,664,1
348,326,664,1
348,327,664,1
348,328,664,1
348,329,664,1
348,330,664,1
348,331,664,1
348,332,664,1
348,333,664,1
349,334,664,1.41421
349,335,664,1
349,336,664,1
349,337,664,1
349,338,664,1
349,339,664,1
349,340,664,1
350,341,664,1.41421
350,342,664,1
350,343,664,1
350,344,664,1
350,345,664,1
350,346,664,1
350,347,664,1
350,348,664,1
351,349,664,1.41421
351,350,664,1
351,351,664,1
351,352,664,1
351,353,664,1
351,354,664,1
351,355,664,1
352,356,664,1.41421
352,357,664,1
352,358,664,1
352,359,664,1
352,360,664,1
352,361,664,1
352,362,664,1
352,363,664,1
352,364,664,1
352,365,664,1
352,366,664,1
352,367,664,1
352,368,664,1
353,369,664,1.41421
353,370,664,1
353,371,664,1
353,372,664,1
353,373,664,1
354,374,664,1.41421
354,375,664,1
354,376,664,1
354,377,664,1
355,378,664,1.41421
355,379,664,1
356,380,664,1.41421
356,381,664,1
357,382,664,1.41421
357,383,664,1
358,384,664,1.41421
358,385,664,1
359,386,664,1.41421
359,387,664,1
360,388,664,1.41421
361,389,664,1.41421
362,390,664,1.41421
363,391,664,1.41421
364,392,664,1.41421
365,393,664,1.41421
366,394,664,1.41421
367,395,664,1.41421
368,396,664,1.41421
369,397,664,1.41421
370,398,664,1.41421
371,399,664,1.41421
372,400,664,1.41421
373,400,664,1
374,400,664,1
375,400,664,1
376,401,664,1.41421
377,401,664,1
378,401,664,1
379,401,664,1
380,401,664,1
381,401,664,1
382,401,664,1
383,401,664,1
384,402,664,1.41421
385,402,664,1
386,403,664,1.41421
386,404,664,1
387,405,664,1.41421
388,406,664,1.41421
388,407,664,1
388,408,664,1
389,409,664,1.41421
389,410,664,1
389,411,664,1
389,412,664,1
389,413,664,1
389,414,664,1
389,415,664,1
390,416,664,1.41421
390,417,664,1
390,418,664,1
391,419,664,1.41421
392,420,664,1.41421
392,421,664,1
392,422,664,1
392,423,664,1
393,424,664,1.41421
393,425,664,1
394,426,664,1.41421
394,427,664,1
394,428,664,1
395,429,664,1.41421
395,430,664,1
395,431,664,1
395,432,664,1
396,433,664,1.41421
396,434,664,1
396,435,664,1
397,436,664,1.41421
397,437,664,1
397,438,664,1
398,439,664,1.41421
398,440,664,1
399,441,664,1.41421
399,442,664,1
399,443,664,1
400,444,664,1.41421
401,445,664,1.41421
401,446,664,1
401,447,664,1
402,448,664,1.41421
402,449,664,1
402,450,664,1
402,451,664,1
402,452,664,1
402,453,664,1
402,454,664,1
402,453,664,1
403,452,664,1.41421
404,453,664,1.41421
404,454,664,1
404,455,664,1
405,456,664,1.41421
406,456,664,1
407,456,664,1
408,456,664,1
407,456,664,1
406,456,664,1
405,456,664,1
404,455,664,1.41421
404,454,664,1
404,453,664,1
403,452,664,1.41421
402,451,664,1.41421
402,450,664,1
402,449,664,1
402,448,664,1
401,447,664,1.41421
401,446,664,1
401,445,664,1
401,444,664,1
400,443,664,1.41421
399,442,664,1.41421
399,441,664,1
398,440,664,1.41421
398,439,664,1
397,438,664,1.41421
397,437,664,1
397,436,664,1
396,435,664,1.41421
396,434,664,1
396,433,664,1
395,432,664,1.41421
395,431,664,1
395,430,664,1
395,429,664,1
394,428,664,1.41421
394,427,664,1
394,426,664,1
393,425,664,1.41421
393,424,664,1
392,423,664,1.41421
392,422,664,1
392,421,664,1
392,420,664,1
391,419,664,1.41421
391,418,664,1
390,417,664,1.41421
390,416,664,1
389,415,664,1.41421
389,414,664,1
389,413,664,1
389,412,664,1
389,411,664,1
389,410,664,1
390,409,664,1.41421
391,410,664,1.41421
391,411,664,1
391,412,664,1
392,413,664,1.41421
392,414,664,1
392,415,664,1
393,416,664,1.41421
393,417,664,1
393,418,664,1
394,419,664,1.41421
394,420,664,1
395,421,664,1.41421
395,422,664,1
396,423,664,1.41421
396,424,664,1
397,425,664,1.41421
397,426,664,1
398,427,664,1.41421
398,428,664,1
398,429,664,1
399,430,664,1.41421
399,431,664,1
400,432,664,1.41421
400,433,664,1
401,434,664,1.41421
401,435,664,1
402,436,664,1.41421
402,437,664,1
403,438,664,1.41421
403,439,664,1
404,440,664,1.41421
404,441,664,1
405,442,664,1.41421
406,443,664,1.41421
406,444,664,1
407,445,664,1.41421
408,446,664,1.41421
409,447,664,1.41421
410,448,664,1.41421
410,449,664,1
411,450,664,1.41421
412,451,664,1.41421
413,452,664,1.41421
414,453,664,1.41421
415,454,664,1.41421
415,455,664,1
416,456,664,1.41421
417,457,664,1.41421
418,458,664,1.41421
419,459,664,1.41421
419,460,664,1
420,461,664,1.41421
421,462,664,1.41421
422,463,664,1.41421
423,464,664,1.41421
424,464,664,1
425,465,664,1.41421
426,466,664,1.41421
427,467,664,1.41421
428,468,664,1.41421
429,468,664,1
430,469,664,1.41421
431,470,664,1.41421
432,471,664,1.41421
433,472,664,1.41421
434,473,664,1.41421
435,473,664,1
436,474,664,1.41421
437,475,664,1.41421
438,476,664,1.41421
439,477,664,1.41421
440,477,664,1
441,478,664,1.41421
442,479,664,1.41421
443,480,664,1.41421
444,480,664,1
445,481,664,1.41421
446,481,664,1
447,482,664,1.41421
448,482,664,1
449,483,664,1.41421
450,483,664,1
451,484,664,1.41421
452,484,664,1
453,485,664,1.41421
454,485,664,1
455,486,664,1.41421
456,486,664,1
457,487,664,1.41421
458,487,664,1
459,488,664,1.41421
460,488,664,1
461,489,664,1.41421
462,489,664,1
463,490,664,1.41421
464,490,664,1
465,491,664,1.41421
466,491,664,1
467,492,664,1.41421
468,492,664,1
469,492,664,1
470,492,664,1
471,492,664,1
472,493,664,1.41421
473,493,664,1
474,493,664,1
475,493,664,1
476,493,664,1
477,493,664,1
478,493,664,1
479,493,664,1
480,493,664,1
481,493,664,1
482,494,664,1.41421
483,494,664,1
484,494,664,1
485,494,664,1
486,494,664,1
487,494,664,1
488,494,664,1
489,494,664,1
490,494,664,1
491,494,664,1
492,495,664,1.41421
493,495,664,1
494,495,664,1
495,495,664,1
496,495,664,1
497,495,664,1
498,495,664,1
499,494,664,1.41421
500,494,664,1
501,494,664,1
502,494,664,1
503,493,664,1.41421
504,493,664,1
505,493,664,1
506,493,664,1
507,492,664,1.41421
508,492,664,1
509,492,664,1
510,492,664,1
511,492,664,1
512,491,664,1.41421
513,491,664,1
514,491,664,1
515,491,664,1
516,490,664,1.41421
517,490,664,1
518,490,664,1
519,490,664,1
520,489,664,1.41421
521,489,664,1
522,489,664,1
523,488,664,1.41421
524,487,664,1.41421
525,486,664,1.41421
526,486,664,1
527,485,664,1.41421
528,484,664,1.41421
529,483,664,1.41421
530,482,664,1.41421
531,481,664,1.41421
532,481,664,1
533,480,664,1.41421
534,479,664,1.41421
535,478,664,1.41421
536,477,664,1.41421
537,476,664,1.41421
538,475,664,1.41421
539,475,664,1
540,474,664,1.41421
541,473,664,1.41421
542,472,664,1.41421
543,471,664,1.41421
544,470,664,1.41421
545,469,664,1.41421
545,468,664,1
546,467,664,1.41421
547,466,664,1.41421
548,465,664,1.41421
549,464,664,1.41421
550,463,664,1.41421
550,462,664,1
551,461,664,1.41421
552,460,664,1.41421
553,459,664,1.41421
554,458,664,1.41421
555,457,664,1.41421
555,456,664,1
556,455,664,1.41421
557,454,664,1.41421
558,453,664,1.41421
558,452,664,1
559,451,664,1.41421
559,450,664,1
560,449,664,1.41421
560,448,664,1
561,447,664,1.41421
561,446,664,1
562,445,664,1.41421
562,444,664,1
563,443,664,1.41421
564,443,664,1
565,444,664,1.41421
565,445,664,1
566,446,664,1.41421
566,447,664,1
567,448,664,1.41421
568,449,664,1.41421
569,450,664,1.41421
570,451,664,1.41421
571,452,664,1.41421
572,453,664,1.41421
573,454,664,1.41421
574,455,664,1.41421
575,456,664,1.41421
576,457,664,1.41421
576,458,664,1
577,459,664,1.41421
578,460,664,1.41421
578,461,664,1
579,462,664,1.41421
579,463,664,1
580,464,664,1.41421
581,465,664,1.41421
582,466,664,1.41421
582,467,664,1
583,468,664,1.41421
583,469,664,1
584,469,664,1
584,468,664,1
583,467,664,1.41421
582,466,664,1.41421
582,465,664,1
581,464,664,1.41421
580,463,664,1.41421
579,462,664,1.41421
578,461,664,1.41421
578,460,664,1
577,459,664,1.41421
577,458,664,1
576,457,664,1.41421
576,456,664,1
575,455,664,1.41421
574,455,664,1
573,454,664,1.41421
572,453,664,1.41421
572,452,664,1
571,451,664,1.41421
570,451,664,1
569,450,664,1.41421
569,449,664,1
568,448,664,1.41421
567,447,664,1.41421
566,446,664,1.41421
566,445,664,1
565,444,664,1.41421
564,443,664,1.41421
563,442,664,1.41421
564,441,664,1.41421
564,440,664,1
565,439,664,1.41421
565,438,664,1
566,437,664,1.41421
566,436,664,1
567,435,664,1.41421
567,434,664,1
568,433,664,1.41421
568,432,664,1
569,431,664,1.41421
569,430,664,1
569,429,664,1
569,428,664,1
570,427,664,1.41421
570,426,664,1
570,425,664,1
570,424,664,1
570,423,664,1
571,422,664,1.41421
571,421,664,1
571,420,664,1
571,419,664,1
571,418,664,1
571,417,664,1
572,416,664,1.41421
572,415,664,1
572,414,664,1
572,413,664,1
572,412,664,1
573,411,664,1.41421
573,410,664,1
573,409,664,1
573,408,664,1
573,407,664,1
574,406,664,1.41421
574,405,664,1
574,404,664,1
574,403,664,1
574,402,664,1
574,401,664,1
574,400,664,1
575,399,664,1.41421
575,398,664,1
576,397,664,1.41421
577,396,664,1.41421
578,395,664,1.41421
579,394,664,1.41421
580,393,664,1.41421
581,392,664,1.41421
582,391,664,1.41421
583,390,664,1.41421
584,389,664,1.41421
585,388,664,1.41421
585,387,664,1
586,386,664,1.41421
587,385,664,1.41421
587,384,664,1
588,383,664,1.41421
588,382,664,1
589,381,664,1.41421
589,380,664,1
589,379,664,1
590,378,664,1.41421
591,377,664,1.41421
591,376,664,1
591,375,664,1
592,374,664,1.41421
592,373,664,1
592,372,664,1
593,371,664,1.41421
593,370,664,1
594,369,664,1.41421
594,368,664,1
594,367,664,1
594,366,664,1
595,365,664,1.41421
594,364,664,1.41421
595,363,664,1.41421
595,362,664,1
595,361,664,1
595,360,664,1
595,359,664,1
595,358,664,1
595,357,664,1
595,356,664,1
595,355,664,1
595,354,664,1
596,353,664,1.41421
596,352,664,1
596,351,664,1
596,350,664,1
596,349,664,1
596,348,664,1
596,347,664,1
596,346,664,1
596,345,664,1
596,344,664,1
596,343,664,1
596,342,664,1
597,341,664,1.41421
597,340,664,1
597,339,664,1
597,338,664,1
597,337,664,1
597,336,664,1
597,335,664,1
597,334,664,1
597,333,664,1
597,332,664,1
598,331,664,1.41421
598,330,664,1
597,329,664,1.41421
597,328,664,1
597,327,664,1
597,326,664,1
597,325,664,1
597,324,664,1
597,323,664,1
597,322,664,1
597,321,664,1
598,320,664,1.41421
598,319,664,1
597,318,664,1.41421
597,317,664,1
597,316,664,1
597,315,664,1
596,314,664,1.41421
596,313,664,1
595,312,664,1.41421
594,311,664,1.41421
593,311,664,1
592,311,664,1
591,310,664,1.41421
590,310,664,1
589,310,664,1
588,310,664,1
587,309,664,1.41421
587,308,664,1
586,307,664,1.41421
585,307,664,1
584,307,664,1
584,307,764,0 # Raise pen
540,285,764,49.1935 # Move to next contour
540,285,664,0 # Lower pen
540,285,664,49.1935
539,286,664,1.41421
538,286,664,1
537,286,664,1
536,286,664,1
535,287,664,1.41421
534,287,664,1
533,287,664,1
532,287,664,1
531,288,664,1.41421
530,288,664,1
529,288,664,1
528,288,664,1
527,289,664,1.41421
526,289,664,1
525,289,664,1
524,289,664,1
523,290,664,1.41421
522,290,664,1
521,290,664,1
520,291,664,1.41421
519,291,664,1
518,292,664,1.41421
517,292,664,1
516,293,664,1.41421
515,293,664,1
514,294,664,1.41421
513,294,664,1
512,295,664,1.41421
511,296,664,1.41421
510,296,664,1
509,297,664,1.41421
508,297,664,1
507,298,664,1.41421
506,298,664,1
505,299,664,1.41421
504,299,664,1
503,300,664,1.41421
504,299,664,1.41421
505,299,664,1
506,298,664,1.41421
507,298,664,1
508,297,664,1.41421
509,297,664,1
510,296,664,1.41421
511,296,664,1
512,295,664,1.41421
513,294,664,1.41421
514,294,664,1
515,293,664,1.41421
516,293,664,1
517,292,664,1.41421
518,292,664,1
519,291,664,1.41421
520,291,664,1
521,290,664,1.41421
522,290,664,1
523,290,664,1
524,289,664,1.41421
525,289,664,1
526,289,664,1
527,289,664,1
528,288,664,1.41421
529,288,664,1
530,288,664,1
531,288,664,1
532,287,664,1.41421
533,287,664,1
534,287,664,1
535,287,664,1
536,286,664,1.41421
537,286,664,1
538,286,664,1
539,286,664,1
540,285,664,1.41421
541,285,664,1
542,285,664,1
543,285,664,1
544,286,664,1.41421
545,286,664,1
546,286,664,1
547,286,664,1
548,286,664,1
549,287,664,1.41421
550,287,664,1
551,287,664,1
552,287,664,1
553,287,664,1
554,288,664,1.41421
555,288,664,1
556,288,664,1
557,288,664,1
558,288,664,1
559,289,664,1.41421
560,289,664,1
561,289,664,1
562,290,664,1.41421
562,291,664,1
563,292,664,1.41421
564,293,664,1.41421
565,294,664,1.41421
565,295,664,1
566,296,664,1.41421
567,297,664,1.41421
568,298,664,1.41421
568,299,664,1
569,300,664,1.41421
570,301,664,1.41421
571,302,664,1.41421
571,303,664,1
572,304,664,1.41421
573,305,664,1.41421
572,304,664,1.41421
571,303,664,1.41421
571,302,664,1
570,301,664,1.41421
569,300,664,1.41421
568,299,664,1.41421
568,298,664,1
567,297,664,1.41421
566,296,664,1.41421
565,295,664,1.41421
565,294,664,1
564,293,664,1.41421
563,292,664,1.41421
562,291,664,1.41421
562,290,664,1
561,289,664,1.41421
560,289,664,1
559,289,664,1
558,288,664,1.41421
557,288,664,1
556,288,664,1
555,288,664,1
554,288,664,1
553,287,664,1.41421
552,287,664,1
551,287,664,1
550,287,664,1
549,287,664,1
548,286,664,1.41421
547,286,664,1
546,286,664,1
545,286,664,1
544,286,664,1
543,285,664,1.41421
542,285,664,1
541,285,664,1
541,285,764,0 # Raise pen
518,265,764,30.4795 # Move to next contour
518,265,664,0 # Lower pen
518,265,664,30.4795
517,266,664,1.41421
516,267,664,1.41421
515,267,664,1
514,267,664,1
513,267,664,1
512,267,664,1
511,267,664,1
510,267,664,1
509,267,664,1
508,267,664,1
507,267,664,1
506,267,664,1
505,268,664,1.41421
504,269,664,1.41421
503,269,664,1
502,270,664,1.41421
501,271,664,1.41421
500,272,664,1.41421
499,273,664,1.41421
499,274,664,1
498,275,664,1.41421
499,274,664,1.41421
500,273,664,1.41421
501,272,664,1.41421
502,271,664,1.41421
503,270,664,1.41421
504,269,664,1.41421
505,269,664,1
506,268,664,1.41421
507,267,664,1.41421
508,267,664,1
509,267,664,1
510,267,664,1
511,267,664,1
512,267,664,1
513,267,664,1
514,267,664,1
515,268,664,1.41421
516,269,664,1.41421
517,270,664,1.41421
517,269,664,1
516,268,664,1.41421
516,267,664,1
517,266,664,1.41421
518,266,664,1
519,265,664,1.41421
519,265,764,0 # Final pen raise
